time,open,high,low,close,tick_volume,spread,real_volume,ticket,entry_time,entry_price,sl_price,symbol,comment
2025-11-05 13:08:00,1.83983,1.8399100000000002,1.83978,1.8397999999999999,51,1,0,1064800255,2025-11-05 13:07:45,1,1.83978,GBPCAD,[sl 1.83978]
2025-11-05 13:09:00,1.83978,1.83978,1.83944,1.8395700000000001,61,1,0,1064800255,2025-11-05 13:07:45,1,1.83978,GBPCAD,[sl 1.83978]
2025-11-05 13:10:00,1.8395700000000001,1.8395700000000001,1.83918,1.8393000000000002,61,1,0,1064800255,2025-11-05 13:07:45,1,1.83978,GBPCAD,[sl 1.83978]
2025-11-05 13:11:00,1.8393000000000002,1.83934,1.83924,1.83926,65,1,0,1064800255,2025-11-05 13:07:45,1,1.83978,GBPCAD,[sl 1.83978]
2025-11-05 13:12:00,1.83926,1.83927,1.839,1.8390499999999999,58,1,0,1064800255,2025-11-05 13:07:45,1,1.83978,GBPCAD,[sl 1.83978]
2025-11-05 13:13:00,1.8390499999999999,1.83928,1.83901,1.83914,78,1,0,1064800255,2025-11-05 13:07:45,1,1.83978,GBPCAD,[sl 1.83978]
2025-11-05 13:14:00,1.83914,1.83917,1.83899,1.83914,57,1,0,1064800255,2025-11-05 13:07:45,1,1.83978,GBPCAD,[sl 1.83978]
2025-11-05 13:15:00,1.83914,1.83944,1.83914,1.8394300000000001,74,1,0,1064800255,2025-11-05 13:07:45,1,1.83978,GBPCAD,[sl 1.83978]
2025-11-05 13:16:00,1.8394300000000001,1.83965,1.8394,1.83955,89,1,0,1064800255,2025-11-05 13:07:45,1,1.83978,GBPCAD,[sl 1.83978]
2025-11-05 13:17:00,1.83955,1.8396599999999999,1.83949,1.8395899999999998,73,1,0,1064800255,2025-11-05 13:07:45,1,1.83978,GBPCAD,[sl 1.83978]
2025-11-05 13:08:00,1.83983,1.8399100000000002,1.83978,1.8397999999999999,51,1,0,1064800256,2025-11-05 13:07:45,1,1.83978,GBPCAD,[sl 1.83978]
2025-11-05 13:09:00,1.83978,1.83978,1.83944,1.8395700000000001,61,1,0,1064800256,2025-11-05 13:07:45,1,1.83978,GBPCAD,[sl 1.83978]
2025-11-05 13:10:00,1.8395700000000001,1.8395700000000001,1.83918,1.8393000000000002,61,1,0,1064800256,2025-11-05 13:07:45,1,1.83978,GBPCAD,[sl 1.83978]
2025-11-05 13:11:00,1.8393000000000002,1.83934,1.83924,1.83926,65,1,0,1064800256,2025-11-05 13:07:45,1,1.83978,GBPCAD,[sl 1.83978]
2025-11-05 13:12:00,1.83926,1.83927,1.839,1.8390499999999999,58,1,0,1064800256,2025-11-05 13:07:45,1,1.83978,GBPCAD,[sl 1.83978]
2025-11-05 13:13:00,1.8390499999999999,1.83928,1.83901,1.83914,78,1,0,1064800256,2025-11-05 13:07:45,1,1.83978,GBPCAD,[sl 1.83978]
2025-11-05 13:14:00,1.83914,1.83917,1.83899,1.83914,57,1,0,1064800256,2025-11-05 13:07:45,1,1.83978,GBPCAD,[sl 1.83978]
2025-11-05 13:15:00,1.83914,1.83944,1.83914,1.8394300000000001,74,1,0,1064800256,2025-11-05 13:07:45,1,1.83978,GBPCAD,[sl 1.83978]
2025-11-05 13:16:00,1.8394300000000001,1.83965,1.8394,1.83955,89,1,0,1064800256,2025-11-05 13:07:45,1,1.83978,GBPCAD,[sl 1.83978]
2025-11-05 13:17:00,1.83955,1.8396599999999999,1.83949,1.8395899999999998,73,1,0,1064800256,2025-11-05 13:07:45,1,1.83978,GBPCAD,[sl 1.83978]
2025-11-05 13:57:00,200.219,200.232,200.165,200.227,101,10,0,1064855621,2025-11-05 13:56:24,1,200.218,GBPJPY,[sl 200.218]
2025-11-05 13:58:00,200.227,200.23,200.196,200.209,73,11,0,1064855621,2025-11-05 13:56:24,1,200.218,GBPJPY,[sl 200.218]
2025-11-05 13:59:00,200.209,200.24,200.209,200.238,118,7,0,1064855621,2025-11-05 13:56:24,1,200.218,GBPJPY,[sl 200.218]
2025-11-05 14:00:00,200.238,200.272,200.225,200.249,142,5,0,1064855621,2025-11-05 13:56:24,1,200.218,GBPJPY,[sl 200.218]
2025-11-05 14:01:00,200.249,200.263,200.239,200.248,116,5,0,1064855621,2025-11-05 13:56:24,1,200.218,GBPJPY,[sl 200.218]
2025-11-05 14:02:00,200.248,200.248,200.213,200.22,151,4,0,1064855621,2025-11-05 13:56:24,1,200.218,GBPJPY,[sl 200.218]
2025-11-05 14:03:00,200.22,200.243,200.217,200.242,94,4,0,1064855621,2025-11-05 13:56:24,1,200.218,GBPJPY,[sl 200.218]
2025-11-05 14:04:00,200.239,200.24,200.219,200.228,84,4,0,1064855621,2025-11-05 13:56:24,1,200.218,GBPJPY,[sl 200.218]
2025-11-05 14:05:00,200.228,200.246,200.227,200.228,66,4,0,1064855621,2025-11-05 13:56:24,1,200.218,GBPJPY,[sl 200.218]
2025-11-05 14:06:00,200.228,200.232,200.199,200.209,138,4,0,1064855621,2025-11-05 13:56:24,1,200.218,GBPJPY,[sl 200.218]
2025-11-05 16:07:00,0.88086,0.88099,0.88086,0.88093,78,0,0,1065053781,2025-11-05 16:06:39,1,0.88094,EURGBP,[sl 0.88094]
2025-11-05 16:08:00,0.88093,0.88106,0.88093,0.88103,48,0,0,1065053781,2025-11-05 16:06:39,1,0.88094,EURGBP,[sl 0.88094]
2025-11-05 16:09:00,0.88103,0.88112,0.88101,0.88107,37,1,0,1065053781,2025-11-05 16:06:39,1,0.88094,EURGBP,[sl 0.88094]
2025-11-05 16:10:00,0.88107,0.88113,0.88107,0.88112,33,0,0,1065053781,2025-11-05 16:06:39,1,0.88094,EURGBP,[sl 0.88094]
2025-11-05 16:11:00,0.88112,0.88117,0.88108,0.88112,61,1,0,1065053781,2025-11-05 16:06:39,1,0.88094,EURGBP,[sl 0.88094]
2025-11-05 16:12:00,0.88112,0.88116,0.88108,0.88116,53,0,0,1065053781,2025-11-05 16:06:39,1,0.88094,EURGBP,[sl 0.88094]
2025-11-05 16:13:00,0.88116,0.88122,0.8811,0.88111,56,0,0,1065053781,2025-11-05 16:06:39,1,0.88094,EURGBP,[sl 0.88094]
2025-11-05 16:14:00,0.88112,0.88124,0.88112,0.88124,47,0,0,1065053781,2025-11-05 16:06:39,1,0.88094,EURGBP,[sl 0.88094]
2025-11-05 16:15:00,0.88123,0.8813,0.88118,0.88128,49,0,0,1065053781,2025-11-05 16:06:39,1,0.88094,EURGBP,[sl 0.88094]
2025-11-05 16:16:00,0.88127,0.88134,0.88126,0.88134,33,0,0,1065053781,2025-11-05 16:06:39,1,0.88094,EURGBP,[sl 0.88094]
2025-11-05 16:08:00,0.88093,0.88106,0.88093,0.88103,48,0,0,1065054234,2025-11-05 16:07:01,1,0.88097,EURGBP,[sl 0.88097]
2025-11-05 16:09:00,0.88103,0.88112,0.88101,0.88107,37,1,0,1065054234,2025-11-05 16:07:01,1,0.88097,EURGBP,[sl 0.88097]
2025-11-05 16:10:00,0.88107,0.88113,0.88107,0.88112,33,0,0,1065054234,2025-11-05 16:07:01,1,0.88097,EURGBP,[sl 0.88097]
2025-11-05 16:11:00,0.88112,0.88117,0.88108,0.88112,61,1,0,1065054234,2025-11-05 16:07:01,1,0.88097,EURGBP,[sl 0.88097]
2025-11-05 16:12:00,0.88112,0.88116,0.88108,0.88116,53,0,0,1065054234,2025-11-05 16:07:01,1,0.88097,EURGBP,[sl 0.88097]
2025-11-05 16:13:00,0.88116,0.88122,0.8811,0.88111,56,0,0,1065054234,2025-11-05 16:07:01,1,0.88097,EURGBP,[sl 0.88097]
2025-11-05 16:14:00,0.88112,0.88124,0.88112,0.88124,47,0,0,1065054234,2025-11-05 16:07:01,1,0.88097,EURGBP,[sl 0.88097]
2025-11-05 16:15:00,0.88123,0.8813,0.88118,0.88128,49,0,0,1065054234,2025-11-05 16:07:01,1,0.88097,EURGBP,[sl 0.88097]
2025-11-05 16:16:00,0.88127,0.88134,0.88126,0.88134,33,0,0,1065054234,2025-11-05 16:07:01,1,0.88097,EURGBP,[sl 0.88097]
2025-11-05 16:17:00,0.88134,0.88135,0.88129,0.88133,46,0,0,1065054234,2025-11-05 16:07:01,1,0.88097,EURGBP,[sl 0.88097]
2025-11-05 16:15:00,2.00861,2.00909,2.0086,2.00886,91,1,0,1065067532,2025-11-05 16:14:22,1,2.00862,GBPAUD,[sl 2.00862]
2025-11-05 16:16:00,2.00892,2.00901,2.00873,2.00873,73,2,0,1065067532,2025-11-05 16:14:22,1,2.00862,GBPAUD,[sl 2.00862]
2025-11-05 16:17:00,2.00873,2.00883,2.0086,2.00865,84,2,0,1065067532,2025-11-05 16:14:22,1,2.00862,GBPAUD,[sl 2.00862]
2025-11-05 16:18:00,2.00869,2.00898,2.00861,2.00892,115,1,0,1065067532,2025-11-05 16:14:22,1,2.00862,GBPAUD,[sl 2.00862]
2025-11-05 16:19:00,2.0089,2.00906,2.00884,2.00904,80,1,0,1065067532,2025-11-05 16:14:22,1,2.00862,GBPAUD,[sl 2.00862]
2025-11-05 16:20:00,2.00904,2.00907,2.00876,2.00879,66,1,0,1065067532,2025-11-05 16:14:22,1,2.00862,GBPAUD,[sl 2.00862]
2025-11-05 16:21:00,2.00879,2.00886,2.00864,2.00875,85,1,0,1065067532,2025-11-05 16:14:22,1,2.00862,GBPAUD,[sl 2.00862]
2025-11-05 16:22:00,2.00875,2.00875,2.00827,2.00859,85,1,0,1065067532,2025-11-05 16:14:22,1,2.00862,GBPAUD,[sl 2.00862]
2025-11-05 16:23:00,2.00859,2.00859,2.00839,2.00843,67,1,0,1065067532,2025-11-05 16:14:22,1,2.00862,GBPAUD,[sl 2.00862]
2025-11-05 16:24:00,2.00843,2.00861,2.00839,2.00858,79,2,0,1065067532,2025-11-05 16:14:22,1,2.00862,GBPAUD,[sl 2.00862]
2025-11-05 16:23:00,1.3026900000000001,1.30271,1.30259,1.3026200000000001,40,0,0,1065080850,2025-11-05 16:22:52,1,1.30272,GBPUSD,[sl 1.30272]
2025-11-05 16:24:00,1.3026200000000001,1.30263,1.30251,1.3026200000000001,38,0,0,1065080850,2025-11-05 16:22:52,1,1.30272,GBPUSD,[sl 1.30272]
2025-11-05 16:25:00,1.3026200000000001,1.30285,1.3026,1.30271,64,0,0,1065080850,2025-11-05 16:22:52,1,1.30272,GBPUSD,[sl 1.30272]
2025-11-05 16:26:00,1.30271,1.3030300000000001,1.3027,1.30283,62,0,0,1065080850,2025-11-05 16:22:52,1,1.30272,GBPUSD,[sl 1.30272]
2025-11-05 16:27:00,1.30283,1.30289,1.3026200000000001,1.30273,54,0,0,1065080850,2025-11-05 16:22:52,1,1.30272,GBPUSD,[sl 1.30272]
2025-11-05 16:28:00,1.3027199999999999,1.30275,1.3026900000000001,1.30271,47,0,0,1065080850,2025-11-05 16:22:52,1,1.30272,GBPUSD,[sl 1.30272]
2025-11-05 16:29:00,1.3027,1.30285,1.3026200000000001,1.30274,46,0,0,1065080850,2025-11-05 16:22:52,1,1.30272,GBPUSD,[sl 1.30272]
2025-11-05 16:30:00,1.30275,1.30283,1.30271,1.30273,82,0,0,1065080850,2025-11-05 16:22:52,1,1.30272,GBPUSD,[sl 1.30272]
2025-11-05 16:31:00,1.30273,1.30273,1.30255,1.30264,76,1,0,1065080850,2025-11-05 16:22:52,1,1.30272,GBPUSD,[sl 1.30272]
2025-11-05 16:32:00,1.30264,1.30279,1.30259,1.30278,59,1,0,1065080850,2025-11-05 16:22:52,1,1.30272,GBPUSD,[sl 1.30272]
2025-11-05 16:26:00,1.14813,1.14832,1.14811,1.14823,52,0,0,1065083865,2025-11-05 16:25:10,1,1.14825,EURUSD,[sl 1.14825]
2025-11-05 16:27:00,1.14822,1.14839,1.14815,1.14837,61,0,0,1065083865,2025-11-05 16:25:10,1,1.14825,EURUSD,[sl 1.14825]
2025-11-05 16:28:00,1.14836,1.14836,1.14826,1.14829,34,0,0,1065083865,2025-11-05 16:25:10,1,1.14825,EURUSD,[sl 1.14825]
2025-11-05 16:29:00,1.14828,1.14838,1.14822,1.14831,50,0,0,1065083865,2025-11-05 16:25:10,1,1.14825,EURUSD,[sl 1.14825]
2025-11-05 16:30:00,1.14833,1.14846,1.1482700000000001,1.14831,54,0,0,1065083865,2025-11-05 16:25:10,1,1.14825,EURUSD,[sl 1.14825]
2025-11-05 16:31:00,1.14831,1.14831,1.1482,1.14826,42,0,0,1065083865,2025-11-05 16:25:10,1,1.14825,EURUSD,[sl 1.14825]
2025-11-05 16:32:00,1.14826,1.14836,1.14822,1.14836,39,0,0,1065083865,2025-11-05 16:25:10,1,1.14825,EURUSD,[sl 1.14825]
2025-11-05 16:33:00,1.14836,1.14843,1.14831,1.14837,38,0,0,1065083865,2025-11-05 16:25:10,1,1.14825,EURUSD,[sl 1.14825]
2025-11-05 16:34:00,1.14837,1.14848,1.14837,1.14847,30,0,0,1065083865,2025-11-05 16:25:10,1,1.14825,EURUSD,[sl 1.14825]
2025-11-05 16:35:00,1.14847,1.1485400000000001,1.14839,1.1485400000000001,56,0,0,1065083865,2025-11-05 16:25:10,1,1.14825,EURUSD,[sl 1.14825]
2025-11-05 16:26:00,1.14813,1.14832,1.14811,1.14823,52,0,0,1065084107,2025-11-05 16:25:11,1,1.14828,EURUSD,[sl 1.14828]
2025-11-05 16:27:00,1.14822,1.14839,1.14815,1.14837,61,0,0,1065084107,2025-11-05 16:25:11,1,1.14828,EURUSD,[sl 1.14828]
2025-11-05 16:28:00,1.14836,1.14836,1.14826,1.14829,34,0,0,1065084107,2025-11-05 16:25:11,1,1.14828,EURUSD,[sl 1.14828]
2025-11-05 16:29:00,1.14828,1.14838,1.14822,1.14831,50,0,0,1065084107,2025-11-05 16:25:11,1,1.14828,EURUSD,[sl 1.14828]
2025-11-05 16:30:00,1.14833,1.14846,1.1482700000000001,1.14831,54,0,0,1065084107,2025-11-05 16:25:11,1,1.14828,EURUSD,[sl 1.14828]
2025-11-05 16:31:00,1.14831,1.14831,1.1482,1.14826,42,0,0,1065084107,2025-11-05 16:25:11,1,1.14828,EURUSD,[sl 1.14828]
2025-11-05 16:32:00,1.14826,1.14836,1.14822,1.14836,39,0,0,1065084107,2025-11-05 16:25:11,1,1.14828,EURUSD,[sl 1.14828]
2025-11-05 16:33:00,1.14836,1.14843,1.14831,1.14837,38,0,0,1065084107,2025-11-05 16:25:11,1,1.14828,EURUSD,[sl 1.14828]
2025-11-05 16:34:00,1.14837,1.14848,1.14837,1.14847,30,0,0,1065084107,2025-11-05 16:25:11,1,1.14828,EURUSD,[sl 1.14828]
2025-11-05 16:35:00,1.14847,1.1485400000000001,1.14839,1.1485400000000001,56,0,0,1065084107,2025-11-05 16:25:11,1,1.14828,EURUSD,[sl 1.14828]
2025-11-05 16:26:00,0.81033,0.81036,0.81028,0.81036,32,0,0,1065084520,2025-11-05 16:25:19,1,0.81022,USDCHF,[sl 0.81022]
2025-11-05 16:27:00,0.81036,0.81045,0.81031,0.81034,48,0,0,1065084520,2025-11-05 16:25:19,1,0.81022,USDCHF,[sl 0.81022]
2025-11-05 16:28:00,0.81034,0.81043,0.81033,0.81043,27,0,0,1065084520,2025-11-05 16:25:19,1,0.81022,USDCHF,[sl 0.81022]
2025-11-05 16:29:00,0.81043,0.81049,0.81041,0.81045,39,0,0,1065084520,2025-11-05 16:25:19,1,0.81022,USDCHF,[sl 0.81022]
2025-11-05 16:30:00,0.81044,0.81059,0.81044,0.81059,57,0,0,1065084520,2025-11-05 16:25:19,1,0.81022,USDCHF,[sl 0.81022]
2025-11-05 16:31:00,0.81058,0.81062,0.81056,0.81059,45,2,0,1065084520,2025-11-05 16:25:19,1,0.81022,USDCHF,[sl 0.81022]
2025-11-05 16:32:00,0.81059,0.81059,0.81047,0.81047,46,2,0,1065084520,2025-11-05 16:25:19,1,0.81022,USDCHF,[sl 0.81022]
2025-11-05 16:33:00,0.81047,0.81047,0.81032,0.81044,42,2,0,1065084520,2025-11-05 16:25:19,1,0.81022,USDCHF,[sl 0.81022]
2025-11-05 16:34:00,0.81044,0.81045,0.81038,0.81041,32,2,0,1065084520,2025-11-05 16:25:19,1,0.81022,USDCHF,[sl 0.81022]
2025-11-05 16:35:00,0.81041,0.8106,0.81033,0.81055,63,2,0,1065084520,2025-11-05 16:25:19,1,0.81022,USDCHF,[sl 0.81022]
2025-11-05 16:26:00,0.81033,0.81036,0.81028,0.81036,32,0,0,1065084622,2025-11-05 16:25:21,1,0.81021,USDCHF,[sl 0.81021]
2025-11-05 16:27:00,0.81036,0.81045,0.81031,0.81034,48,0,0,1065084622,2025-11-05 16:25:21,1,0.81021,USDCHF,[sl 0.81021]
2025-11-05 16:28:00,0.81034,0.81043,0.81033,0.81043,27,0,0,1065084622,2025-11-05 16:25:21,1,0.81021,USDCHF,[sl 0.81021]
2025-11-05 16:29:00,0.81043,0.81049,0.81041,0.81045,39,0,0,1065084622,2025-11-05 16:25:21,1,0.81021,USDCHF,[sl 0.81021]
2025-11-05 16:30:00,0.81044,0.81059,0.81044,0.81059,57,0,0,1065084622,2025-11-05 16:25:21,1,0.81021,USDCHF,[sl 0.81021]
2025-11-05 16:31:00,0.81058,0.81062,0.81056,0.81059,45,2,0,1065084622,2025-11-05 16:25:21,1,0.81021,USDCHF,[sl 0.81021]
2025-11-05 16:32:00,0.81059,0.81059,0.81047,0.81047,46,2,0,1065084622,2025-11-05 16:25:21,1,0.81021,USDCHF,[sl 0.81021]
2025-11-05 16:33:00,0.81047,0.81047,0.81032,0.81044,42,2,0,1065084622,2025-11-05 16:25:21,1,0.81021,USDCHF,[sl 0.81021]
2025-11-05 16:34:00,0.81044,0.81045,0.81038,0.81041,32,2,0,1065084622,2025-11-05 16:25:21,1,0.81021,USDCHF,[sl 0.81021]
2025-11-05 16:35:00,0.81041,0.8106,0.81033,0.81055,63,2,0,1065084622,2025-11-05 16:25:21,1,0.81021,USDCHF,[sl 0.81021]
2025-11-05 16:28:00,0.88151,0.88151,0.88144,0.88146,50,0,0,1065087659,2025-11-05 16:27:41,1,0.88151,EURGBP,[sl 0.88151]
2025-11-05 16:29:00,0.88147,0.88148,0.88142,0.88146,38,0,0,1065087659,2025-11-05 16:27:41,1,0.88151,EURGBP,[sl 0.88151]
2025-11-05 16:30:00,0.88148,0.88151,0.8814,0.88146,72,0,0,1065087659,2025-11-05 16:27:41,1,0.88151,EURGBP,[sl 0.88151]
2025-11-05 16:31:00,0.88146,0.88151,0.88144,0.88148,50,0,0,1065087659,2025-11-05 16:27:41,1,0.88151,EURGBP,[sl 0.88151]
2025-11-05 16:32:00,0.88148,0.88154,0.88144,0.88145,41,0,0,1065087659,2025-11-05 16:27:41,1,0.88151,EURGBP,[sl 0.88151]
2025-11-05 16:33:00,0.88145,0.88147,0.88136,0.88138,48,0,0,1065087659,2025-11-05 16:27:41,1,0.88151,EURGBP,[sl 0.88151]
2025-11-05 16:34:00,0.88138,0.88144,0.88137,0.88144,26,0,0,1065087659,2025-11-05 16:27:41,1,0.88151,EURGBP,[sl 0.88151]
2025-11-05 16:35:00,0.88144,0.88153,0.88144,0.88152,68,0,0,1065087659,2025-11-05 16:27:41,1,0.88151,EURGBP,[sl 0.88151]
2025-11-05 16:36:00,0.88152,0.88152,0.88143,0.88148,63,0,0,1065087659,2025-11-05 16:27:41,1,0.88151,EURGBP,[sl 0.88151]
2025-11-05 16:37:00,0.88148,0.88149,0.88136,0.88139,76,0,0,1065087659,2025-11-05 16:27:41,1,0.88151,EURGBP,[sl 0.88151]
2025-11-05 16:50:00,1.14873,1.14873,1.14858,1.14862,40,0,0,1065149923,2025-11-05 16:49:27,1,1.1489,EURUSD,[sl 1.14890]
2025-11-05 16:51:00,1.14862,1.1486399999999999,1.14853,1.14863,58,0,0,1065149923,2025-11-05 16:49:27,1,1.1489,EURUSD,[sl 1.14890]
2025-11-05 16:52:00,1.14863,1.14889,1.14862,1.1488800000000001,56,0,0,1065149923,2025-11-05 16:49:27,1,1.1489,EURUSD,[sl 1.14890]
2025-11-05 16:53:00,1.1488800000000001,1.14909,1.14887,1.14905,56,0,0,1065149923,2025-11-05 16:49:27,1,1.1489,EURUSD,[sl 1.14890]
2025-11-05 16:54:00,1.14907,1.14932,1.14904,1.14923,79,0,0,1065149923,2025-11-05 16:49:27,1,1.1489,EURUSD,[sl 1.14890]
2025-11-05 16:55:00,1.14926,1.14928,1.1489099999999999,1.1489099999999999,71,0,0,1065149923,2025-11-05 16:49:27,1,1.1489,EURUSD,[sl 1.14890]
2025-11-05 16:56:00,1.1489099999999999,1.14894,1.14884,1.14884,61,0,0,1065149923,2025-11-05 16:49:27,1,1.1489,EURUSD,[sl 1.14890]
2025-11-05 16:57:00,1.14884,1.14886,1.1487,1.14872,43,0,0,1065149923,2025-11-05 16:49:27,1,1.1489,EURUSD,[sl 1.14890]
2025-11-05 16:58:00,1.14871,1.14878,1.14868,1.14871,41,0,0,1065149923,2025-11-05 16:49:27,1,1.1489,EURUSD,[sl 1.14890]
2025-11-05 16:59:00,1.14872,1.14877,1.14857,1.14872,67,0,0,1065149923,2025-11-05 16:49:27,1,1.1489,EURUSD,[sl 1.14890]
2025-11-05 16:50:00,1.41244,1.41265,1.41244,1.41265,58,1,0,1065150173,2025-11-05 16:49:33,1,1.41229,USDCAD,[sl 1.41229]
2025-11-05 16:51:00,1.41266,1.4127,1.41257,1.41261,52,1,0,1065150173,2025-11-05 16:49:33,1,1.41229,USDCAD,[sl 1.41229]
2025-11-05 16:52:00,1.41261,1.41263,1.41235,1.41238,61,1,0,1065150173,2025-11-05 16:49:33,1,1.41229,USDCAD,[sl 1.41229]
2025-11-05 16:53:00,1.41238,1.41245,1.41235,1.41236,51,1,0,1065150173,2025-11-05 16:49:33,1,1.41229,USDCAD,[sl 1.41229]
2025-11-05 16:54:00,1.41236,1.41239,1.4121000000000001,1.4121000000000001,74,1,0,1065150173,2025-11-05 16:49:33,1,1.41229,USDCAD,[sl 1.41229]
2025-11-05 16:55:00,1.41214,1.41216,1.41194,1.41205,76,1,0,1065150173,2025-11-05 16:49:33,1,1.41229,USDCAD,[sl 1.41229]
2025-11-05 16:56:00,1.41205,1.41227,1.41205,1.41225,67,1,0,1065150173,2025-11-05 16:49:33,1,1.41229,USDCAD,[sl 1.41229]
2025-11-05 16:57:00,1.41224,1.41227,1.41216,1.41226,93,1,0,1065150173,2025-11-05 16:49:33,1,1.41229,USDCAD,[sl 1.41229]
2025-11-05 16:58:00,1.41226,1.41226,1.41215,1.41218,65,1,0,1065150173,2025-11-05 16:49:33,1,1.41229,USDCAD,[sl 1.41229]
2025-11-05 16:59:00,1.41217,1.4122,1.41212,1.41212,77,1,0,1065150173,2025-11-05 16:49:33,1,1.41229,USDCAD,[sl 1.41229]
2025-11-05 17:00:00,0.93071,0.93146,0.92999,0.93141,227,1,0,1065178683,2025-11-05 17:00:00,1,0.93068,EURCHF,[sl 0.93068]
2025-11-05 17:01:00,0.93141,0.93182,0.93141,0.93166,147,1,0,1065178683,2025-11-05 17:00:00,1,0.93068,EURCHF,[sl 0.93068]
2025-11-05 17:02:00,0.93167,0.93192,0.93156,0.93185,136,1,0,1065178683,2025-11-05 17:00:00,1,0.93068,EURCHF,[sl 0.93068]
2025-11-05 17:03:00,0.93184,0.93195,0.93171,0.93192,140,1,0,1065178683,2025-11-05 17:00:00,1,0.93068,EURCHF,[sl 0.93068]
2025-11-05 17:04:00,0.9319,0.932,0.93167,0.93167,123,1,0,1065178683,2025-11-05 17:00:00,1,0.93068,EURCHF,[sl 0.93068]
2025-11-05 17:05:00,0.93167,0.93172,0.93156,0.93172,142,1,0,1065178683,2025-11-05 17:00:00,1,0.93068,EURCHF,[sl 0.93068]
2025-11-05 17:06:00,0.93171,0.93174,0.93158,0.93164,155,1,0,1065178683,2025-11-05 17:00:00,1,0.93068,EURCHF,[sl 0.93068]
2025-11-05 17:07:00,0.93165,0.93167,0.93142,0.93149,132,1,0,1065178683,2025-11-05 17:00:00,1,0.93068,EURCHF,[sl 0.93068]
2025-11-05 17:08:00,0.93151,0.93154,0.931,0.93129,165,1,0,1065178683,2025-11-05 17:00:00,1,0.93068,EURCHF,[sl 0.93068]
2025-11-05 17:09:00,0.9313,0.93138,0.93121,0.93128,117,1,0,1065178683,2025-11-05 17:00:00,1,0.93068,EURCHF,[sl 0.93068]
2025-11-05 17:10:00,0.93127,0.93131,0.93118,0.93129,99,1,0,1065178683,2025-11-05 17:00:00,1,0.93068,EURCHF,[sl 0.93068]
2025-11-05 17:15:00,0.88075,0.88078,0.88059,0.88065,115,0,0,1065228288,2025-11-05 17:14:27,1,0.88092,EURGBP,[sl 0.88092]
2025-11-05 17:16:00,0.88065,0.8807,0.88058,0.88066,111,0,0,1065228288,2025-11-05 17:14:27,1,0.88092,EURGBP,[sl 0.88092]
2025-11-05 17:17:00,0.88065,0.88067,0.88058,0.88061,107,0,0,1065228288,2025-11-05 17:14:27,1,0.88092,EURGBP,[sl 0.88092]
2025-11-05 17:18:00,0.88061,0.88068,0.8805,0.88058,106,0,0,1065228288,2025-11-05 17:14:27,1,0.88092,EURGBP,[sl 0.88092]
2025-11-05 17:19:00,0.88058,0.88065,0.88055,0.88063,103,0,0,1065228288,2025-11-05 17:14:27,1,0.88092,EURGBP,[sl 0.88092]
2025-11-05 17:20:00,0.88063,0.88064,0.88049,0.88051,91,0,0,1065228288,2025-11-05 17:14:27,1,0.88092,EURGBP,[sl 0.88092]
2025-11-05 17:21:00,0.88051,0.88059,0.8805,0.88055,105,0,0,1065228288,2025-11-05 17:14:27,1,0.88092,EURGBP,[sl 0.88092]
2025-11-05 17:22:00,0.88056,0.88056,0.88039,0.88041,100,0,0,1065228288,2025-11-05 17:14:27,1,0.88092,EURGBP,[sl 0.88092]
2025-11-05 17:23:00,0.8804,0.88041,0.8803,0.88037,94,0,0,1065228288,2025-11-05 17:14:27,1,0.88092,EURGBP,[sl 0.88092]
2025-11-05 17:24:00,0.88038,0.88045,0.88035,0.88042,91,0,0,1065228288,2025-11-05 17:14:27,1,0.88092,EURGBP,[sl 0.88092]
2025-11-05 17:15:00,0.64902,0.64918,0.649,0.64908,115,0,0,1065228375,2025-11-05 17:14:31,1,0.64898,AUDUSD,[sl 0.64898]
2025-11-05 17:16:00,0.64908,0.64926,0.64908,0.64926,85,0,0,1065228375,2025-11-05 17:14:31,1,0.64898,AUDUSD,[sl 0.64898]
2025-11-05 17:17:00,0.64925,0.64935,0.64919,0.6492,114,0,0,1065228375,2025-11-05 17:14:31,1,0.64898,AUDUSD,[sl 0.64898]
2025-11-05 17:18:00,0.64921,0.64959,0.64912,0.64955,121,0,0,1065228375,2025-11-05 17:14:31,1,0.64898,AUDUSD,[sl 0.64898]
2025-11-05 17:19:00,0.64954,0.64954,0.64925,0.64925,121,0,0,1065228375,2025-11-05 17:14:31,1,0.64898,AUDUSD,[sl 0.64898]
2025-11-05 17:20:00,0.64925,0.64943,0.64924,0.64935,100,0,0,1065228375,2025-11-05 17:14:31,1,0.64898,AUDUSD,[sl 0.64898]
2025-11-05 17:21:00,0.64935,0.64935,0.64905,0.64918,123,0,0,1065228375,2025-11-05 17:14:31,1,0.64898,AUDUSD,[sl 0.64898]
2025-11-05 17:22:00,0.64918,0.64965,0.64916,0.64962,82,0,0,1065228375,2025-11-05 17:14:31,1,0.64898,AUDUSD,[sl 0.64898]
2025-11-05 17:23:00,0.64961,0.64977,0.64955,0.64975,88,0,0,1065228375,2025-11-05 17:14:31,1,0.64898,AUDUSD,[sl 0.64898]
2025-11-05 17:24:00,0.64975,0.64979,0.64958,0.64972,131,0,0,1065228375,2025-11-05 17:14:31,1,0.64898,AUDUSD,[sl 0.64898]
2025-11-06 03:38:00,1.8420299999999998,1.8420999999999998,1.84198,1.84207,88,1,0,1065880844,2025-11-06 03:37:22,1,1.842,GBPCAD,[sl 1.84200]
2025-11-06 03:39:00,1.84209,1.8421699999999999,1.84202,1.84216,82,1,0,1065880844,2025-11-06 03:37:22,1,1.842,GBPCAD,[sl 1.84200]
2025-11-06 03:40:00,1.84216,1.84219,1.84211,1.84218,46,1,0,1065880844,2025-11-06 03:37:22,1,1.842,GBPCAD,[sl 1.84200]
2025-11-06 03:41:00,1.84218,1.84225,1.84218,1.84225,58,1,0,1065880844,2025-11-06 03:37:22,1,1.842,GBPCAD,[sl 1.84200]
2025-11-06 03:42:00,1.84225,1.84227,1.84218,1.8422100000000001,66,1,0,1065880844,2025-11-06 03:37:22,1,1.842,GBPCAD,[sl 1.84200]
2025-11-06 03:43:00,1.8422100000000001,1.84226,1.8420999999999998,1.84212,54,1,0,1065880844,2025-11-06 03:37:22,1,1.842,GBPCAD,[sl 1.84200]
2025-11-06 03:44:00,1.84212,1.8423500000000002,1.8420800000000002,1.84234,70,1,0,1065880844,2025-11-06 03:37:22,1,1.842,GBPCAD,[sl 1.84200]
2025-11-06 03:45:00,1.84234,1.8424399999999999,1.8422399999999999,1.84238,68,1,0,1065880844,2025-11-06 03:37:22,1,1.842,GBPCAD,[sl 1.84200]
2025-11-06 03:46:00,1.84238,1.84243,1.84233,1.8423699999999998,60,1,0,1065880844,2025-11-06 03:37:22,1,1.842,GBPCAD,[sl 1.84200]
2025-11-06 03:47:00,1.8423699999999998,1.84243,1.84233,1.84242,56,1,0,1065880844,2025-11-06 03:37:22,1,1.842,GBPCAD,[sl 1.84200]
2025-11-06 03:41:00,0.79817,0.79826,0.79817,0.79825,27,1,0,1065883957,2025-11-06 03:40:35,1,0.79812,NZDCAD,[sl 0.79812]
2025-11-06 03:42:00,0.79825,0.79831,0.79815,0.79815,46,1,0,1065883957,2025-11-06 03:40:35,1,0.79812,NZDCAD,[sl 0.79812]
2025-11-06 03:43:00,0.79815,0.79823,0.7981,0.79813,48,3,0,1065883957,2025-11-06 03:40:35,1,0.79812,NZDCAD,[sl 0.79812]
2025-11-06 03:44:00,0.79813,0.79818,0.79808,0.79817,37,3,0,1065883957,2025-11-06 03:40:35,1,0.79812,NZDCAD,[sl 0.79812]
2025-11-06 03:45:00,0.79817,0.79826,0.79814,0.79825,59,6,0,1065883957,2025-11-06 03:40:35,1,0.79812,NZDCAD,[sl 0.79812]
2025-11-06 03:46:00,0.79825,0.79834,0.79821,0.79825,58,8,0,1065883957,2025-11-06 03:40:35,1,0.79812,NZDCAD,[sl 0.79812]
2025-11-06 03:47:00,0.79825,0.79829,0.7982,0.79821,46,5,0,1065883957,2025-11-06 03:40:35,1,0.79812,NZDCAD,[sl 0.79812]
2025-11-06 03:48:00,0.79821,0.79832,0.7982,0.79829,58,1,0,1065883957,2025-11-06 03:40:35,1,0.79812,NZDCAD,[sl 0.79812]
2025-11-06 03:49:00,0.79829,0.79835,0.79826,0.79834,39,1,0,1065883957,2025-11-06 03:40:35,1,0.79812,NZDCAD,[sl 0.79812]
2025-11-06 03:50:00,0.79834,0.79844,0.79825,0.79844,58,1,0,1065883957,2025-11-06 03:40:35,1,0.79812,NZDCAD,[sl 0.79812]
2025-11-06 04:01:00,1.62248,1.62263,1.62246,1.62255,50,1,0,1065904187,2025-11-06 04:00:10,1,1.62263,EURCAD,[sl 1.62263]
2025-11-06 04:02:00,1.62255,1.62259,1.62244,1.62249,53,1,0,1065904187,2025-11-06 04:00:10,1,1.62263,EURCAD,[sl 1.62263]
2025-11-06 04:03:00,1.6225,1.62264,1.62246,1.6225,60,1,0,1065904187,2025-11-06 04:00:10,1,1.62263,EURCAD,[sl 1.62263]
2025-11-06 04:04:00,1.6225100000000001,1.62257,1.62246,1.6224699999999999,36,1,0,1065904187,2025-11-06 04:00:10,1,1.62263,EURCAD,[sl 1.62263]
2025-11-06 04:05:00,1.6224699999999999,1.62248,1.62237,1.6223800000000002,21,1,0,1065904187,2025-11-06 04:00:10,1,1.62263,EURCAD,[sl 1.62263]
2025-11-06 04:06:00,1.6223800000000002,1.62243,1.62237,1.62241,20,1,0,1065904187,2025-11-06 04:00:10,1,1.62263,EURCAD,[sl 1.62263]
2025-11-06 04:07:00,1.62241,1.62246,1.62241,1.62245,25,1,0,1065904187,2025-11-06 04:00:10,1,1.62263,EURCAD,[sl 1.62263]
2025-11-06 04:08:00,1.62245,1.6224699999999999,1.62236,1.62237,31,1,0,1065904187,2025-11-06 04:00:10,1,1.62263,EURCAD,[sl 1.62263]
2025-11-06 04:09:00,1.62237,1.62244,1.62235,1.62243,45,1,0,1065904187,2025-11-06 04:00:10,1,1.62263,EURCAD,[sl 1.62263]
2025-11-06 04:10:00,1.62243,1.6225,1.6223999999999998,1.62249,56,1,0,1065904187,2025-11-06 04:00:10,1,1.62263,EURCAD,[sl 1.62263]
2025-11-06 04:01:00,1.62248,1.62263,1.62246,1.62255,50,1,0,1065904218,2025-11-06 04:00:11,1,1.62261,EURCAD,[sl 1.62261]
2025-11-06 04:02:00,1.62255,1.62259,1.62244,1.62249,53,1,0,1065904218,2025-11-06 04:00:11,1,1.62261,EURCAD,[sl 1.62261]
2025-11-06 04:03:00,1.6225,1.62264,1.62246,1.6225,60,1,0,1065904218,2025-11-06 04:00:11,1,1.62261,EURCAD,[sl 1.62261]
2025-11-06 04:04:00,1.6225100000000001,1.62257,1.62246,1.6224699999999999,36,1,0,1065904218,2025-11-06 04:00:11,1,1.62261,EURCAD,[sl 1.62261]
2025-11-06 04:05:00,1.6224699999999999,1.62248,1.62237,1.6223800000000002,21,1,0,1065904218,2025-11-06 04:00:11,1,1.62261,EURCAD,[sl 1.62261]
2025-11-06 04:06:00,1.6223800000000002,1.62243,1.62237,1.62241,20,1,0,1065904218,2025-11-06 04:00:11,1,1.62261,EURCAD,[sl 1.62261]
2025-11-06 04:07:00,1.62241,1.62246,1.62241,1.62245,25,1,0,1065904218,2025-11-06 04:00:11,1,1.62261,EURCAD,[sl 1.62261]
2025-11-06 04:08:00,1.62245,1.6224699999999999,1.62236,1.62237,31,1,0,1065904218,2025-11-06 04:00:11,1,1.62261,EURCAD,[sl 1.62261]
2025-11-06 04:09:00,1.62237,1.62244,1.62235,1.62243,45,1,0,1065904218,2025-11-06 04:00:11,1,1.62261,EURCAD,[sl 1.62261]
2025-11-06 04:10:00,1.62243,1.6225,1.6223999999999998,1.62249,56,1,0,1065904218,2025-11-06 04:00:11,1,1.62261,EURCAD,[sl 1.62261]
2025-11-06 04:04:00,200.941,200.946,200.925,200.937,92,6,0,1065909199,2025-11-06 04:03:10,1,200.928,GBPJPY,[sl 200.928]
2025-11-06 04:05:00,200.938,200.952,200.934,200.946,69,5,0,1065909199,2025-11-06 04:03:10,1,200.928,GBPJPY,[sl 200.928]
2025-11-06 04:06:00,200.946,200.953,200.937,200.939,83,4,0,1065909199,2025-11-06 04:03:10,1,200.928,GBPJPY,[sl 200.928]
2025-11-06 04:07:00,200.939,200.94,200.91,200.928,76,5,0,1065909199,2025-11-06 04:03:10,1,200.928,GBPJPY,[sl 200.928]
2025-11-06 04:08:00,200.928,200.94,200.918,200.932,57,6,0,1065909199,2025-11-06 04:03:10,1,200.928,GBPJPY,[sl 200.928]
2025-11-06 04:09:00,200.932,200.932,200.917,200.927,61,4,0,1065909199,2025-11-06 04:03:10,1,200.928,GBPJPY,[sl 200.928]
2025-11-06 04:10:00,200.929,200.929,200.901,200.907,97,4,0,1065909199,2025-11-06 04:03:10,1,200.928,GBPJPY,[sl 200.928]
2025-11-06 04:11:00,200.909,200.909,200.893,200.904,72,4,0,1065909199,2025-11-06 04:03:10,1,200.928,GBPJPY,[sl 200.928]
2025-11-06 04:12:00,200.904,200.94,200.898,200.934,90,4,0,1065909199,2025-11-06 04:03:10,1,200.928,GBPJPY,[sl 200.928]
2025-11-06 04:13:00,200.935,200.937,200.912,200.916,97,5,0,1065909199,2025-11-06 04:03:10,1,200.928,GBPJPY,[sl 200.928]
2025-11-06 04:04:00,177.012,177.025,177.008,177.017,86,0,0,1065909829,2025-11-06 04:03:15,1,176.992,EURJPY,[sl 176.992]
2025-11-06 04:05:00,177.018,177.029,177.017,177.028,41,0,0,1065909829,2025-11-06 04:03:15,1,176.992,EURJPY,[sl 176.992]
2025-11-06 04:06:00,177.028,177.03,177.018,177.021,46,0,0,1065909829,2025-11-06 04:03:15,1,176.992,EURJPY,[sl 176.992]
2025-11-06 04:07:00,177.022,177.022,176.995,177.015,83,0,0,1065909829,2025-11-06 04:03:15,1,176.992,EURJPY,[sl 176.992]
2025-11-06 04:08:00,177.015,177.02,177.009,177.016,42,0,0,1065909829,2025-11-06 04:03:15,1,176.992,EURJPY,[sl 176.992]
2025-11-06 04:09:00,177.017,177.019,177.006,177.018,44,0,0,1065909829,2025-11-06 04:03:15,1,176.992,EURJPY,[sl 176.992]
2025-11-06 04:10:00,177.018,177.018,177.005,177.009,77,0,0,1065909829,2025-11-06 04:03:15,1,176.992,EURJPY,[sl 176.992]
2025-11-06 04:11:00,177.008,177.011,176.999,177.011,61,0,0,1065909829,2025-11-06 04:03:15,1,176.992,EURJPY,[sl 176.992]
2025-11-06 04:12:00,177.01,177.035,177.003,177.033,51,0,0,1065909829,2025-11-06 04:03:15,1,176.992,EURJPY,[sl 176.992]
2025-11-06 04:13:00,177.033,177.035,177.011,177.017,54,0,0,1065909829,2025-11-06 04:03:15,1,176.992,EURJPY,[sl 176.992]
2025-11-06 04:11:00,200.909,200.909,200.893,200.904,72,4,0,1065916708,2025-11-06 04:10:33,1,200.901,GBPJPY,[sl 200.901]
2025-11-06 04:12:00,200.904,200.94,200.898,200.934,90,4,0,1065916708,2025-11-06 04:10:33,1,200.901,GBPJPY,[sl 200.901]
2025-11-06 04:13:00,200.935,200.937,200.912,200.916,97,5,0,1065916708,2025-11-06 04:10:33,1,200.901,GBPJPY,[sl 200.901]
2025-11-06 04:14:00,200.917,200.931,200.911,200.931,63,4,0,1065916708,2025-11-06 04:10:33,1,200.901,GBPJPY,[sl 200.901]
2025-11-06 04:15:00,200.931,200.953,200.93,200.945,52,5,0,1065916708,2025-11-06 04:10:33,1,200.901,GBPJPY,[sl 200.901]
2025-11-06 04:16:00,200.945,200.993,200.942,200.991,90,5,0,1065916708,2025-11-06 04:10:33,1,200.901,GBPJPY,[sl 200.901]
2025-11-06 04:17:00,200.991,200.992,200.98,200.986,44,6,0,1065916708,2025-11-06 04:10:33,1,200.901,GBPJPY,[sl 200.901]
2025-11-06 04:18:00,200.987,201.01,200.986,201.008,50,4,0,1065916708,2025-11-06 04:10:33,1,200.901,GBPJPY,[sl 200.901]
2025-11-06 04:19:00,201.008,201.014,201.001,201.012,56,4,0,1065916708,2025-11-06 04:10:33,1,200.901,GBPJPY,[sl 200.901]
2025-11-06 04:20:00,201.012,201.024,201.004,201.016,70,5,0,1065916708,2025-11-06 04:10:33,1,200.901,GBPJPY,[sl 200.901]
2025-11-06 04:12:00,1.05654,1.05669,1.05651,1.05667,65,1,0,1065917759,2025-11-06 04:11:56,1,1.05649,GBPCHF,[sl 1.05649]
2025-11-06 04:13:00,1.05667,1.05669,1.05658,1.05658,65,1,0,1065917759,2025-11-06 04:11:56,1,1.05649,GBPCHF,[sl 1.05649]
2025-11-06 04:14:00,1.05659,1.05664,1.05657,1.05662,57,1,0,1065917759,2025-11-06 04:11:56,1,1.05649,GBPCHF,[sl 1.05649]
2025-11-06 04:15:00,1.05661,1.05667,1.05657,1.05666,54,1,0,1065917759,2025-11-06 04:11:56,1,1.05649,GBPCHF,[sl 1.05649]
2025-11-06 04:16:00,1.05666,1.0568,1.05665,1.05678,70,1,0,1065917759,2025-11-06 04:11:56,1,1.05649,GBPCHF,[sl 1.05649]
2025-11-06 04:17:00,1.05678,1.05684,1.05676,1.05683,41,1,0,1065917759,2025-11-06 04:11:56,1,1.05649,GBPCHF,[sl 1.05649]
2025-11-06 04:18:00,1.05683,1.05686,1.0568,1.05685,44,1,0,1065917759,2025-11-06 04:11:56,1,1.05649,GBPCHF,[sl 1.05649]
2025-11-06 04:19:00,1.05685,1.05687,1.05679,1.05682,45,1,0,1065917759,2025-11-06 04:11:56,1,1.05649,GBPCHF,[sl 1.05649]
2025-11-06 04:20:00,1.05682,1.05688,1.0568,1.05685,47,1,0,1065917759,2025-11-06 04:11:56,1,1.05649,GBPCHF,[sl 1.05649]
2025-11-06 04:21:00,1.05685,1.05687,1.05682,1.05687,21,1,0,1065917759,2025-11-06 04:11:56,1,1.05649,GBPCHF,[sl 1.05649]
2025-11-06 04:18:00,2.03056,2.0306,2.03039,2.0304,34,3,0,1065921621,2025-11-06 04:17:03,1,2.0305,EURNZD,[sl 2.03050]
2025-11-06 04:19:00,2.0304,2.03055,2.03021,2.03027,32,13,0,1065921621,2025-11-06 04:17:03,1,2.0305,EURNZD,[sl 2.03050]
2025-11-06 04:20:00,2.03038,2.03069,2.03038,2.03053,35,7,0,1065921621,2025-11-06 04:17:03,1,2.0305,EURNZD,[sl 2.03050]
2025-11-06 04:21:00,2.03053,2.03057,2.03049,2.03053,20,2,0,1065921621,2025-11-06 04:17:03,1,2.0305,EURNZD,[sl 2.03050]
2025-11-06 04:22:00,2.03056,2.03067,2.03044,2.03051,29,3,0,1065921621,2025-11-06 04:17:03,1,2.0305,EURNZD,[sl 2.03050]
2025-11-06 04:23:00,2.03051,2.03056,2.03039,2.03042,17,3,0,1065921621,2025-11-06 04:17:03,1,2.0305,EURNZD,[sl 2.03050]
2025-11-06 04:24:00,2.03042,2.03044,2.03033,2.03037,18,3,0,1065921621,2025-11-06 04:17:03,1,2.0305,EURNZD,[sl 2.03050]
2025-11-06 04:25:00,2.03037,2.03058,2.03034,2.03055,14,3,0,1065921621,2025-11-06 04:17:03,1,2.0305,EURNZD,[sl 2.03050]
2025-11-06 04:26:00,2.03055,2.03099,2.03055,2.03096,34,3,0,1065921621,2025-11-06 04:17:03,1,2.0305,EURNZD,[sl 2.03050]
2025-11-06 04:27:00,2.03096,2.03096,2.03058,2.03067,30,3,0,1065921621,2025-11-06 04:17:03,1,2.0305,EURNZD,[sl 2.03050]
2025-11-06 04:36:00,1.7667899999999999,1.7668599999999999,1.76669,1.76671,46,2,0,1065937962,2025-11-06 04:35:31,1,1.76664,EURAUD,[sl 1.76664]
2025-11-06 04:37:00,1.76671,1.7668599999999999,1.76655,1.76681,65,2,0,1065937962,2025-11-06 04:35:31,1,1.76664,EURAUD,[sl 1.76664]
2025-11-06 04:38:00,1.76678,1.76688,1.76678,1.76685,31,2,0,1065937962,2025-11-06 04:35:31,1,1.76664,EURAUD,[sl 1.76664]
2025-11-06 04:39:00,1.76685,1.7671000000000001,1.76685,1.76709,33,2,0,1065937962,2025-11-06 04:35:31,1,1.76664,EURAUD,[sl 1.76664]
2025-11-06 04:40:00,1.7670599999999999,1.76708,1.76662,1.76675,47,2,0,1065937962,2025-11-06 04:35:31,1,1.76664,EURAUD,[sl 1.76664]
2025-11-06 04:41:00,1.76675,1.7669000000000001,1.76666,1.7669000000000001,43,2,0,1065937962,2025-11-06 04:35:31,1,1.76664,EURAUD,[sl 1.76664]
2025-11-06 04:42:00,1.7669000000000001,1.76701,1.76685,1.7668599999999999,36,1,0,1065937962,2025-11-06 04:35:31,1,1.76664,EURAUD,[sl 1.76664]
2025-11-06 04:43:00,1.76685,1.76701,1.76674,1.76698,26,2,0,1065937962,2025-11-06 04:35:31,1,1.76664,EURAUD,[sl 1.76664]
2025-11-06 04:44:00,1.76703,1.76709,1.7669899999999998,1.76707,31,2,0,1065937962,2025-11-06 04:35:31,1,1.76664,EURAUD,[sl 1.76664]
2025-11-06 04:45:00,1.76707,1.7671700000000001,1.76701,1.7671700000000001,25,2,0,1065937962,2025-11-06 04:35:31,1,1.76664,EURAUD,[sl 1.76664]
2025-11-06 04:36:00,1.15054,1.15057,1.15046,1.15048,11,0,0,1065938163,2025-11-06 04:35:44,1,1.1505,EURUSD,[sl 1.15050]
2025-11-06 04:37:00,1.15048,1.15048,1.15034,1.15039,34,0,0,1065938163,2025-11-06 04:35:44,1,1.1505,EURUSD,[sl 1.15050]
2025-11-06 04:38:00,1.15039,1.15044,1.15038,1.1504,23,0,0,1065938163,2025-11-06 04:35:44,1,1.1505,EURUSD,[sl 1.15050]
2025-11-06 04:39:00,1.1504,1.1505,1.15039,1.1504699999999999,22,0,0,1065938163,2025-11-06 04:35:44,1,1.1505,EURUSD,[sl 1.15050]
2025-11-06 04:40:00,1.1504699999999999,1.1505,1.15041,1.15041,13,0,0,1065938163,2025-11-06 04:35:44,1,1.1505,EURUSD,[sl 1.15050]
2025-11-06 04:41:00,1.15041,1.15041,1.15035,1.1504,24,0,0,1065938163,2025-11-06 04:35:44,1,1.1505,EURUSD,[sl 1.15050]
2025-11-06 04:42:00,1.1504,1.15044,1.15039,1.15041,15,0,0,1065938163,2025-11-06 04:35:44,1,1.1505,EURUSD,[sl 1.15050]
2025-11-06 04:43:00,1.15041,1.15041,1.15039,1.1504,14,0,0,1065938163,2025-11-06 04:35:44,1,1.1505,EURUSD,[sl 1.15050]
2025-11-06 04:44:00,1.1504,1.15043,1.15036,1.15042,21,0,0,1065938163,2025-11-06 04:35:44,1,1.1505,EURUSD,[sl 1.15050]
2025-11-06 04:45:00,1.15042,1.15043,1.15041,1.15042,7,0,0,1065938163,2025-11-06 04:35:44,1,1.1505,EURUSD,[sl 1.15050]
2025-11-06 04:37:00,1.15048,1.15048,1.15034,1.15039,34,0,0,1065939129,2025-11-06 04:36:55,1,1.15045,EURUSD,[sl 1.15045]
2025-11-06 04:38:00,1.15039,1.15044,1.15038,1.1504,23,0,0,1065939129,2025-11-06 04:36:55,1,1.15045,EURUSD,[sl 1.15045]
2025-11-06 04:39:00,1.1504,1.1505,1.15039,1.1504699999999999,22,0,0,1065939129,2025-11-06 04:36:55,1,1.15045,EURUSD,[sl 1.15045]
2025-11-06 04:40:00,1.1504699999999999,1.1505,1.15041,1.15041,13,0,0,1065939129,2025-11-06 04:36:55,1,1.15045,EURUSD,[sl 1.15045]
2025-11-06 04:41:00,1.15041,1.15041,1.15035,1.1504,24,0,0,1065939129,2025-11-06 04:36:55,1,1.15045,EURUSD,[sl 1.15045]
2025-11-06 04:42:00,1.1504,1.15044,1.15039,1.15041,15,0,0,1065939129,2025-11-06 04:36:55,1,1.15045,EURUSD,[sl 1.15045]
2025-11-06 04:43:00,1.15041,1.15041,1.15039,1.1504,14,0,0,1065939129,2025-11-06 04:36:55,1,1.15045,EURUSD,[sl 1.15045]
2025-11-06 04:44:00,1.1504,1.15043,1.15036,1.15042,21,0,0,1065939129,2025-11-06 04:36:55,1,1.15045,EURUSD,[sl 1.15045]
2025-11-06 04:45:00,1.15042,1.15043,1.15041,1.15042,7,0,0,1065939129,2025-11-06 04:36:55,1,1.15045,EURUSD,[sl 1.15045]
2025-11-06 04:46:00,1.15042,1.15043,1.15033,1.15034,16,0,0,1065939129,2025-11-06 04:36:55,1,1.15045,EURUSD,[sl 1.15045]
2025-11-06 04:38:00,1.30591,1.30596,1.30591,1.30593,23,0,0,1065939771,2025-11-06 04:37:25,1,1.30594,GBPUSD,[sl 1.30594]
2025-11-06 04:39:00,1.30593,1.3060399999999999,1.30592,1.30603,14,0,0,1065939771,2025-11-06 04:37:25,1,1.30594,GBPUSD,[sl 1.30594]
2025-11-06 04:40:00,1.30603,1.30607,1.30597,1.30599,21,0,0,1065939771,2025-11-06 04:37:25,1,1.30594,GBPUSD,[sl 1.30594]
2025-11-06 04:41:00,1.30599,1.306,1.30594,1.30597,21,0,0,1065939771,2025-11-06 04:37:25,1,1.30594,GBPUSD,[sl 1.30594]
2025-11-06 04:42:00,1.30597,1.30598,1.30592,1.30595,14,0,0,1065939771,2025-11-06 04:37:25,1,1.30594,GBPUSD,[sl 1.30594]
2025-11-06 04:43:00,1.30595,1.30597,1.30595,1.30595,17,0,0,1065939771,2025-11-06 04:37:25,1,1.30594,GBPUSD,[sl 1.30594]
2025-11-06 04:44:00,1.30595,1.30598,1.3059,1.30597,13,0,0,1065939771,2025-11-06 04:37:25,1,1.30594,GBPUSD,[sl 1.30594]
2025-11-06 04:45:00,1.30597,1.30597,1.30589,1.30589,13,0,0,1065939771,2025-11-06 04:37:25,1,1.30594,GBPUSD,[sl 1.30594]
2025-11-06 04:46:00,1.30589,1.30591,1.30582,1.30583,16,0,0,1065939771,2025-11-06 04:37:25,1,1.30594,GBPUSD,[sl 1.30594]
2025-11-06 04:47:00,1.30583,1.30584,1.3058100000000001,1.30583,11,0,0,1065939771,2025-11-06 04:37:25,1,1.30594,GBPUSD,[sl 1.30594]
2025-11-06 07:13:00,153.902,153.912,153.901,153.909,21,0,0,1066048266,2025-11-06 07:12:20,1,153.899,USDJPY,[sl 153.899]
2025-11-06 07:14:00,153.908,153.913,153.895,153.895,19,0,0,1066048266,2025-11-06 07:12:20,1,153.899,USDJPY,[sl 153.899]
2025-11-06 07:15:00,153.895,153.898,153.882,153.885,28,0,0,1066048266,2025-11-06 07:12:20,1,153.899,USDJPY,[sl 153.899]
2025-11-06 07:16:00,153.885,153.895,153.885,153.886,42,0,0,1066048266,2025-11-06 07:12:20,1,153.899,USDJPY,[sl 153.899]
2025-11-06 07:17:00,153.886,153.887,153.876,153.879,35,0,0,1066048266,2025-11-06 07:12:20,1,153.899,USDJPY,[sl 153.899]
2025-11-06 07:18:00,153.879,153.889,153.879,153.886,32,0,0,1066048266,2025-11-06 07:12:20,1,153.899,USDJPY,[sl 153.899]
2025-11-06 07:19:00,153.886,153.886,153.878,153.885,26,0,0,1066048266,2025-11-06 07:12:20,1,153.899,USDJPY,[sl 153.899]
2025-11-06 07:20:00,153.885,153.895,153.885,153.893,23,0,0,1066048266,2025-11-06 07:12:20,1,153.899,USDJPY,[sl 153.899]
2025-11-06 07:21:00,153.894,153.895,153.887,153.894,22,0,0,1066048266,2025-11-06 07:12:20,1,153.899,USDJPY,[sl 153.899]
2025-11-06 07:22:00,153.894,153.894,153.857,153.857,40,0,0,1066048266,2025-11-06 07:12:20,1,153.899,USDJPY,[sl 153.899]
2025-11-06 07:39:00,1.05675,1.05681,1.05674,1.05678,42,6,0,1066078438,2025-11-06 07:38:45,1,1.05672,GBPCHF,[sl 1.05672]
2025-11-06 07:40:00,1.05678,1.05682,1.05673,1.05682,27,2,0,1066078438,2025-11-06 07:38:45,1,1.05672,GBPCHF,[sl 1.05672]
2025-11-06 07:41:00,1.05682,1.05684,1.05677,1.0568,32,1,0,1066078438,2025-11-06 07:38:45,1,1.05672,GBPCHF,[sl 1.05672]
2025-11-06 07:42:00,1.0568,1.05683,1.05673,1.05676,30,1,0,1066078438,2025-11-06 07:38:45,1,1.05672,GBPCHF,[sl 1.05672]
2025-11-06 07:43:00,1.05676,1.05679,1.05675,1.05679,32,1,0,1066078438,2025-11-06 07:38:45,1,1.05672,GBPCHF,[sl 1.05672]
2025-11-06 07:44:00,1.05679,1.0568,1.05671,1.05672,43,1,0,1066078438,2025-11-06 07:38:45,1,1.05672,GBPCHF,[sl 1.05672]
2025-11-06 07:45:00,1.05672,1.05676,1.05669,1.05674,33,1,0,1066078438,2025-11-06 07:38:45,1,1.05672,GBPCHF,[sl 1.05672]
2025-11-06 07:46:00,1.05674,1.05674,1.05668,1.05668,12,1,0,1066078438,2025-11-06 07:38:45,1,1.05672,GBPCHF,[sl 1.05672]
2025-11-06 07:47:00,1.05668,1.0567,1.05662,1.05664,28,1,0,1066078438,2025-11-06 07:38:45,1,1.05672,GBPCHF,[sl 1.05672]
2025-11-06 07:48:00,1.05664,1.0567,1.05664,1.05669,28,1,0,1066078438,2025-11-06 07:38:45,1,1.05672,GBPCHF,[sl 1.05672]
2025-11-06 07:43:00,0.56616,0.56618,0.56611,0.56611,17,0,0,1066084073,2025-11-06 07:42:55,1,0.5661,NZDUSD,[sl 0.56610]
2025-11-06 07:44:00,0.56611,0.56614,0.5661,0.56614,9,0,0,1066084073,2025-11-06 07:42:55,1,0.5661,NZDUSD,[sl 0.56610]
2025-11-06 07:45:00,0.56614,0.56617,0.56614,0.56617,24,0,0,1066084073,2025-11-06 07:42:55,1,0.5661,NZDUSD,[sl 0.56610]
2025-11-06 07:46:00,0.56617,0.56619,0.56614,0.56614,8,0,0,1066084073,2025-11-06 07:42:55,1,0.5661,NZDUSD,[sl 0.56610]
2025-11-06 07:47:00,0.56614,0.56616,0.56611,0.56612,18,0,0,1066084073,2025-11-06 07:42:55,1,0.5661,NZDUSD,[sl 0.56610]
2025-11-06 07:48:00,0.56612,0.56616,0.56611,0.56613,20,0,0,1066084073,2025-11-06 07:42:55,1,0.5661,NZDUSD,[sl 0.56610]
2025-11-06 07:49:00,0.56612,0.56616,0.56611,0.56611,26,0,0,1066084073,2025-11-06 07:42:55,1,0.5661,NZDUSD,[sl 0.56610]
2025-11-06 07:50:00,0.56612,0.56612,0.56609,0.5661,14,0,0,1066084073,2025-11-06 07:42:55,1,0.5661,NZDUSD,[sl 0.56610]
2025-11-06 07:51:00,0.5661,0.5661,0.56605,0.56607,21,0,0,1066084073,2025-11-06 07:42:55,1,0.5661,NZDUSD,[sl 0.56610]
2025-11-06 07:52:00,0.56607,0.56607,0.56604,0.56606,23,0,0,1066084073,2025-11-06 07:42:55,1,0.5661,NZDUSD,[sl 0.56610]
2025-11-06 07:52:00,1.76803,1.7681200000000001,1.76795,1.76809,31,2,0,1066094433,2025-11-06 07:51:30,1,1.76805,EURAUD,[sl 1.76805]
2025-11-06 07:53:00,1.76809,1.7684,1.76809,1.7684,48,2,0,1066094433,2025-11-06 07:51:30,1,1.76805,EURAUD,[sl 1.76805]
2025-11-06 07:54:00,1.76837,1.76844,1.7683,1.7683200000000001,29,2,0,1066094433,2025-11-06 07:51:30,1,1.76805,EURAUD,[sl 1.76805]
2025-11-06 07:55:00,1.76829,1.76831,1.7680799999999999,1.76818,33,2,0,1066094433,2025-11-06 07:51:30,1,1.76805,EURAUD,[sl 1.76805]
2025-11-06 07:56:00,1.76816,1.76837,1.76816,1.7683499999999999,34,2,0,1066094433,2025-11-06 07:51:30,1,1.76805,EURAUD,[sl 1.76805]
2025-11-06 07:57:00,1.76836,1.76849,1.76833,1.76845,40,3,0,1066094433,2025-11-06 07:51:30,1,1.76805,EURAUD,[sl 1.76805]
2025-11-06 07:58:00,1.76845,1.76861,1.76841,1.76858,75,3,0,1066094433,2025-11-06 07:51:30,1,1.76805,EURAUD,[sl 1.76805]
2025-11-06 07:59:00,1.76859,1.7687,1.76843,1.76867,87,2,0,1066094433,2025-11-06 07:51:30,1,1.76805,EURAUD,[sl 1.76805]
2025-11-06 08:00:00,1.76872,1.76872,1.76804,1.76813,74,2,0,1066094433,2025-11-06 07:51:30,1,1.76805,EURAUD,[sl 1.76805]
2025-11-06 08:01:00,1.76814,1.76814,1.76784,1.7678500000000001,58,7,0,1066094433,2025-11-06 07:51:30,1,1.76805,EURAUD,[sl 1.76805]
2025-11-06 07:54:00,0.79809,0.7981,0.79799,0.79806,35,7,0,1066096819,2025-11-06 07:53:50,1,0.7981,NZDCAD,[sl 0.79810]
2025-11-06 07:55:00,0.79806,0.79811,0.79803,0.79808,47,8,0,1066096819,2025-11-06 07:53:50,1,0.7981,NZDCAD,[sl 0.79810]
2025-11-06 07:56:00,0.79808,0.79817,0.79804,0.79814,41,2,0,1066096819,2025-11-06 07:53:50,1,0.7981,NZDCAD,[sl 0.79810]
2025-11-06 07:57:00,0.79814,0.79816,0.79807,0.79807,37,1,0,1066096819,2025-11-06 07:53:50,1,0.7981,NZDCAD,[sl 0.79810]
2025-11-06 07:58:00,0.79807,0.79812,0.79803,0.7981,60,1,0,1066096819,2025-11-06 07:53:50,1,0.7981,NZDCAD,[sl 0.79810]
2025-11-06 07:59:00,0.7981,0.79811,0.79798,0.79802,31,1,0,1066096819,2025-11-06 07:53:50,1,0.7981,NZDCAD,[sl 0.79810]
2025-11-06 08:00:00,0.79802,0.79808,0.79791,0.79807,60,1,0,1066096819,2025-11-06 07:53:50,1,0.7981,NZDCAD,[sl 0.79810]
2025-11-06 08:01:00,0.79807,0.79819,0.79807,0.79816,63,8,0,1066096819,2025-11-06 07:53:50,1,0.7981,NZDCAD,[sl 0.79810]
2025-11-06 08:02:00,0.79816,0.79827,0.79815,0.79822,54,4,0,1066096819,2025-11-06 07:53:50,1,0.7981,NZDCAD,[sl 0.79810]
2025-11-06 08:03:00,0.79822,0.79833,0.79822,0.79832,31,1,0,1066096819,2025-11-06 07:53:50,1,0.7981,NZDCAD,[sl 0.79810]
2025-11-06 08:05:00,0.79832,0.79841,0.79832,0.79838,41,2,0,1066112693,2025-11-06 08:04:01,1,0.79843,NZDCAD,[sl 0.79843]
2025-11-06 08:06:00,0.7984,0.79845,0.7983,0.79839,93,2,0,1066112693,2025-11-06 08:04:01,1,0.79843,NZDCAD,[sl 0.79843]
2025-11-06 08:07:00,0.79836,0.79839,0.79826,0.79829,57,3,0,1066112693,2025-11-06 08:04:01,1,0.79843,NZDCAD,[sl 0.79843]
2025-11-06 08:08:00,0.79829,0.7983,0.79821,0.79825,73,1,0,1066112693,2025-11-06 08:04:01,1,0.79843,NZDCAD,[sl 0.79843]
2025-11-06 08:09:00,0.79825,0.79829,0.79824,0.79825,39,1,0,1066112693,2025-11-06 08:04:01,1,0.79843,NZDCAD,[sl 0.79843]
2025-11-06 08:10:00,0.79825,0.79825,0.79813,0.79817,67,1,0,1066112693,2025-11-06 08:04:01,1,0.79843,NZDCAD,[sl 0.79843]
2025-11-06 08:11:00,0.79817,0.79825,0.79817,0.79821,55,1,0,1066112693,2025-11-06 08:04:01,1,0.79843,NZDCAD,[sl 0.79843]
2025-11-06 08:12:00,0.79818,0.79823,0.79815,0.79816,42,1,0,1066112693,2025-11-06 08:04:01,1,0.79843,NZDCAD,[sl 0.79843]
2025-11-06 08:13:00,0.79816,0.79819,0.79803,0.79805,73,1,0,1066112693,2025-11-06 08:04:01,1,0.79843,NZDCAD,[sl 0.79843]
2025-11-06 08:14:00,0.79805,0.79814,0.79803,0.7981,49,1,0,1066112693,2025-11-06 08:04:01,1,0.79843,NZDCAD,[sl 0.79843]
2025-11-06 08:05:00,0.56626,0.56631,0.56626,0.56629,39,0,0,1066113525,2025-11-06 08:04:27,1,0.56635,NZDUSD,[sl 0.56635]
2025-11-06 08:06:00,0.56632,0.56637,0.56629,0.56635,62,0,0,1066113525,2025-11-06 08:04:27,1,0.56635,NZDUSD,[sl 0.56635]
2025-11-06 08:07:00,0.56633,0.56635,0.56624,0.56626,42,0,0,1066113525,2025-11-06 08:04:27,1,0.56635,NZDUSD,[sl 0.56635]
2025-11-06 08:08:00,0.56626,0.56626,0.56618,0.56622,44,0,0,1066113525,2025-11-06 08:04:27,1,0.56635,NZDUSD,[sl 0.56635]
2025-11-06 08:09:00,0.56622,0.56625,0.56621,0.56622,24,0,0,1066113525,2025-11-06 08:04:27,1,0.56635,NZDUSD,[sl 0.56635]
2025-11-06 08:10:00,0.56622,0.56623,0.56615,0.56618,58,0,0,1066113525,2025-11-06 08:04:27,1,0.56635,NZDUSD,[sl 0.56635]
2025-11-06 08:11:00,0.56618,0.56622,0.56618,0.56618,23,0,0,1066113525,2025-11-06 08:04:27,1,0.56635,NZDUSD,[sl 0.56635]
2025-11-06 08:12:00,0.56617,0.5662,0.56615,0.56615,23,0,0,1066113525,2025-11-06 08:04:27,1,0.56635,NZDUSD,[sl 0.56635]
2025-11-06 08:13:00,0.56615,0.56617,0.56608,0.56609,40,0,0,1066113525,2025-11-06 08:04:27,1,0.56635,NZDUSD,[sl 0.56635]
2025-11-06 08:14:00,0.56609,0.56617,0.56609,0.56614,41,0,0,1066113525,2025-11-06 08:04:27,1,0.56635,NZDUSD,[sl 0.56635]
2025-11-06 08:43:00,1.30582,1.30589,1.3058100000000001,1.30587,31,0,0,1066157825,2025-11-06 08:42:38,1,1.30575,GBPUSD,[sl 1.30575]
2025-11-06 08:44:00,1.30587,1.30591,1.30586,1.30589,18,0,0,1066157825,2025-11-06 08:42:38,1,1.30575,GBPUSD,[sl 1.30575]
2025-11-06 08:45:00,1.30589,1.30589,1.30585,1.30586,14,0,0,1066157825,2025-11-06 08:42:38,1,1.30575,GBPUSD,[sl 1.30575]
2025-11-06 08:46:00,1.30586,1.30587,1.30575,1.30582,20,1,0,1066157825,2025-11-06 08:42:38,1,1.30575,GBPUSD,[sl 1.30575]
2025-11-06 08:47:00,1.30583,1.30585,1.30575,1.30576,41,1,0,1066157825,2025-11-06 08:42:38,1,1.30575,GBPUSD,[sl 1.30575]
2025-11-06 08:48:00,1.30576,1.30579,1.30563,1.30565,42,1,0,1066157825,2025-11-06 08:42:38,1,1.30575,GBPUSD,[sl 1.30575]
2025-11-06 08:49:00,1.30565,1.30567,1.30559,1.30561,11,1,0,1066157825,2025-11-06 08:42:38,1,1.30575,GBPUSD,[sl 1.30575]
2025-11-06 08:50:00,1.30561,1.30562,1.30552,1.30553,35,1,0,1066157825,2025-11-06 08:42:38,1,1.30575,GBPUSD,[sl 1.30575]
2025-11-06 08:51:00,1.30553,1.30563,1.30553,1.30563,23,1,0,1066157825,2025-11-06 08:42:38,1,1.30575,GBPUSD,[sl 1.30575]
2025-11-06 08:52:00,1.30563,1.30563,1.30552,1.30552,24,1,0,1066157825,2025-11-06 08:42:38,1,1.30575,GBPUSD,[sl 1.30575]
2025-11-06 08:59:00,1.30532,1.3054299999999999,1.30532,1.3054299999999999,45,1,0,1066181697,2025-11-06 08:58:12,1,1.30538,GBPUSD,[sl 1.30538]
2025-11-06 09:00:00,1.30545,1.3054700000000001,1.3054000000000001,1.30541,50,1,0,1066181697,2025-11-06 08:58:12,1,1.30538,GBPUSD,[sl 1.30538]
2025-11-06 09:01:00,1.30541,1.30546,1.3054000000000001,1.30542,35,1,0,1066181697,2025-11-06 08:58:12,1,1.30538,GBPUSD,[sl 1.30538]
2025-11-06 09:02:00,1.30542,1.30555,1.3054000000000001,1.30552,40,1,0,1066181697,2025-11-06 08:58:12,1,1.30538,GBPUSD,[sl 1.30538]
2025-11-06 09:03:00,1.30552,1.30559,1.30552,1.30557,32,1,0,1066181697,2025-11-06 08:58:12,1,1.30538,GBPUSD,[sl 1.30538]
2025-11-06 09:04:00,1.30557,1.30557,1.3054299999999999,1.3054700000000001,34,1,0,1066181697,2025-11-06 08:58:12,1,1.30538,GBPUSD,[sl 1.30538]
2025-11-06 09:05:00,1.3054700000000001,1.30554,1.3054700000000001,1.30552,40,1,0,1066181697,2025-11-06 08:58:12,1,1.30538,GBPUSD,[sl 1.30538]
2025-11-06 09:06:00,1.30552,1.30553,1.30545,1.3054999999999999,53,1,0,1066181697,2025-11-06 08:58:12,1,1.30538,GBPUSD,[sl 1.30538]
2025-11-06 09:07:00,1.3054999999999999,1.30551,1.30542,1.30551,39,1,0,1066181697,2025-11-06 08:58:12,1,1.30538,GBPUSD,[sl 1.30538]
2025-11-06 09:08:00,1.30551,1.3057400000000001,1.30538,1.30567,64,1,0,1066181697,2025-11-06 08:58:12,1,1.30538,GBPUSD,[sl 1.30538]
2025-11-06 09:01:00,0.8094,0.8094,0.80931,0.80934,23,2,0,1066188433,2025-11-06 09:00:35,1,0.80944,USDCHF,[sl 0.80944]
2025-11-06 09:02:00,0.80934,0.80938,0.80929,0.80938,41,2,0,1066188433,2025-11-06 09:00:35,1,0.80944,USDCHF,[sl 0.80944]
2025-11-06 09:03:00,0.80938,0.80939,0.80931,0.80935,26,2,0,1066188433,2025-11-06 09:00:35,1,0.80944,USDCHF,[sl 0.80944]
2025-11-06 09:04:00,0.80935,0.8094,0.80935,0.80938,22,2,0,1066188433,2025-11-06 09:00:35,1,0.80944,USDCHF,[sl 0.80944]
2025-11-06 09:05:00,0.80938,0.8094,0.80932,0.80939,25,2,0,1066188433,2025-11-06 09:00:35,1,0.80944,USDCHF,[sl 0.80944]
2025-11-06 09:06:00,0.80939,0.80944,0.80939,0.80943,15,2,0,1066188433,2025-11-06 09:00:35,1,0.80944,USDCHF,[sl 0.80944]
2025-11-06 09:07:00,0.80943,0.80943,0.80939,0.80939,12,2,0,1066188433,2025-11-06 09:00:35,1,0.80944,USDCHF,[sl 0.80944]
2025-11-06 09:08:00,0.80939,0.8094,0.80935,0.80938,17,2,0,1066188433,2025-11-06 09:00:35,1,0.80944,USDCHF,[sl 0.80944]
2025-11-06 09:09:00,0.80938,0.80943,0.80938,0.80943,13,2,0,1066188433,2025-11-06 09:00:35,1,0.80944,USDCHF,[sl 0.80944]
2025-11-06 09:10:00,0.80943,0.80943,0.80933,0.8094,21,2,0,1066188433,2025-11-06 09:00:35,1,0.80944,USDCHF,[sl 0.80944]
2025-11-06 09:02:00,0.93138,0.93146,0.93135,0.93146,45,3,0,1066190848,2025-11-06 09:01:04,1,0.93127,EURCHF,[sl 0.93127]
2025-11-06 09:03:00,0.93146,0.93148,0.93141,0.93145,43,3,0,1066190848,2025-11-06 09:01:04,1,0.93127,EURCHF,[sl 0.93127]
2025-11-06 09:04:00,0.93146,0.93147,0.93141,0.93143,33,3,0,1066190848,2025-11-06 09:01:04,1,0.93127,EURCHF,[sl 0.93127]
2025-11-06 09:05:00,0.93144,0.93148,0.93141,0.93147,39,3,0,1066190848,2025-11-06 09:01:04,1,0.93127,EURCHF,[sl 0.93127]
2025-11-06 09:06:00,0.93148,0.93149,0.93143,0.93149,32,3,0,1066190848,2025-11-06 09:01:04,1,0.93127,EURCHF,[sl 0.93127]
2025-11-06 09:07:00,0.93148,0.93148,0.93144,0.93147,18,3,0,1066190848,2025-11-06 09:01:04,1,0.93127,EURCHF,[sl 0.93127]
2025-11-06 09:08:00,0.93147,0.93153,0.93144,0.93151,26,3,0,1066190848,2025-11-06 09:01:04,1,0.93127,EURCHF,[sl 0.93127]
2025-11-06 09:09:00,0.93151,0.93154,0.93149,0.93154,14,3,0,1066190848,2025-11-06 09:01:04,1,0.93127,EURCHF,[sl 0.93127]
2025-11-06 09:10:00,0.93151,0.93151,0.93141,0.93146,26,3,0,1066190848,2025-11-06 09:01:04,1,0.93127,EURCHF,[sl 0.93127]
2025-11-06 09:11:00,0.93145,0.93146,0.93135,0.93137,16,3,0,1066190848,2025-11-06 09:01:04,1,0.93127,EURCHF,[sl 0.93127]
2025-11-06 09:14:00,1.30576,1.30613,1.30576,1.3060800000000001,46,1,0,1066208915,2025-11-06 09:13:39,1,1.30583,GBPUSD,[sl 1.30583]
2025-11-06 09:15:00,1.3060800000000001,1.3061,1.30599,1.306,39,0,0,1066208915,2025-11-06 09:13:39,1,1.30583,GBPUSD,[sl 1.30583]
2025-11-06 09:16:00,1.30599,1.30602,1.30595,1.30595,32,0,0,1066208915,2025-11-06 09:13:39,1,1.30583,GBPUSD,[sl 1.30583]
2025-11-06 09:17:00,1.30595,1.30603,1.30594,1.30598,31,0,0,1066208915,2025-11-06 09:13:39,1,1.30583,GBPUSD,[sl 1.30583]
2025-11-06 09:18:00,1.30598,1.30626,1.30598,1.30626,22,0,0,1066208915,2025-11-06 09:13:39,1,1.30583,GBPUSD,[sl 1.30583]
2025-11-06 09:19:00,1.30625,1.30628,1.30618,1.30624,29,0,0,1066208915,2025-11-06 09:13:39,1,1.30583,GBPUSD,[sl 1.30583]
2025-11-06 09:20:00,1.30624,1.30645,1.30624,1.30645,36,0,0,1066208915,2025-11-06 09:13:39,1,1.30583,GBPUSD,[sl 1.30583]
2025-11-06 09:21:00,1.30645,1.30658,1.30644,1.30658,38,0,0,1066208915,2025-11-06 09:13:39,1,1.30583,GBPUSD,[sl 1.30583]
2025-11-06 09:22:00,1.30658,1.30666,1.3064200000000001,1.30646,77,0,0,1066208915,2025-11-06 09:13:39,1,1.30583,GBPUSD,[sl 1.30583]
2025-11-06 09:23:00,1.30647,1.30659,1.30646,1.30657,35,0,0,1066208915,2025-11-06 09:13:39,1,1.30583,GBPUSD,[sl 1.30583]
2025-11-06 09:15:00,1.84141,1.84143,1.84128,1.8412899999999999,53,1,0,1066209706,2025-11-06 09:14:22,1,1.84131,GBPCAD,[sl 1.84131]
2025-11-06 09:16:00,1.84131,1.84135,1.84124,1.84124,63,1,0,1066209706,2025-11-06 09:14:22,1,1.84131,GBPCAD,[sl 1.84131]
2025-11-06 09:17:00,1.84124,1.84134,1.84121,1.84125,44,1,0,1066209706,2025-11-06 09:14:22,1,1.84131,GBPCAD,[sl 1.84131]
2025-11-06 09:18:00,1.84125,1.84152,1.84123,1.84152,46,1,0,1066209706,2025-11-06 09:14:22,1,1.84131,GBPCAD,[sl 1.84131]
2025-11-06 09:19:00,1.8415,1.84155,1.8414000000000001,1.8414899999999998,35,1,0,1066209706,2025-11-06 09:14:22,1,1.84131,GBPCAD,[sl 1.84131]
2025-11-06 09:20:00,1.8414899999999998,1.84177,1.8414899999999998,1.8417599999999998,61,1,0,1066209706,2025-11-06 09:14:22,1,1.84131,GBPCAD,[sl 1.84131]
2025-11-06 09:21:00,1.8417599999999998,1.84184,1.8417,1.8418,66,1,0,1066209706,2025-11-06 09:14:22,1,1.84131,GBPCAD,[sl 1.84131]
2025-11-06 09:22:00,1.8418,1.8419699999999999,1.84173,1.84177,108,1,0,1066209706,2025-11-06 09:14:22,1,1.84131,GBPCAD,[sl 1.84131]
2025-11-06 09:23:00,1.84177,1.8418999999999999,1.84175,1.84181,75,1,0,1066209706,2025-11-06 09:14:22,1,1.84131,GBPCAD,[sl 1.84131]
2025-11-06 09:24:00,1.84181,1.8420800000000002,1.84181,1.8420800000000002,60,1,0,1066209706,2025-11-06 09:14:22,1,1.84131,GBPCAD,[sl 1.84131]
2025-11-06 09:23:00,0.88108,0.88109,0.88103,0.88106,38,0,0,1066231941,2025-11-06 09:22:16,1,0.88096,EURGBP,[sl 0.88096]
2025-11-06 09:24:00,0.88107,0.88107,0.88096,0.88097,26,0,0,1066231941,2025-11-06 09:22:16,1,0.88096,EURGBP,[sl 0.88096]
2025-11-06 09:25:00,0.88097,0.88101,0.88092,0.88092,38,0,0,1066231941,2025-11-06 09:22:16,1,0.88096,EURGBP,[sl 0.88096]
2025-11-06 09:26:00,0.88092,0.88092,0.88077,0.88081,31,0,0,1066231941,2025-11-06 09:22:16,1,0.88096,EURGBP,[sl 0.88096]
2025-11-06 09:27:00,0.88081,0.88085,0.8808,0.88085,21,0,0,1066231941,2025-11-06 09:22:16,1,0.88096,EURGBP,[sl 0.88096]
2025-11-06 09:28:00,0.88086,0.88089,0.88076,0.88081,25,0,0,1066231941,2025-11-06 09:22:16,1,0.88096,EURGBP,[sl 0.88096]
2025-11-06 09:29:00,0.88081,0.88082,0.88078,0.88081,30,0,0,1066231941,2025-11-06 09:22:16,1,0.88096,EURGBP,[sl 0.88096]
2025-11-06 09:30:00,0.88081,0.88098,0.8808,0.88098,41,0,0,1066231941,2025-11-06 09:22:16,1,0.88096,EURGBP,[sl 0.88096]
2025-11-06 09:31:00,0.88098,0.88114,0.88098,0.88109,36,0,0,1066231941,2025-11-06 09:22:16,1,0.88096,EURGBP,[sl 0.88096]
2025-11-06 09:32:00,0.88108,0.88109,0.88097,0.88098,31,0,0,1066231941,2025-11-06 09:22:16,1,0.88096,EURGBP,[sl 0.88096]
2025-11-06 09:31:00,0.93124,0.93124,0.93112,0.93115,41,1,0,1066245033,2025-11-06 09:30:08,1,0.93122,EURCHF,[sl 0.93122]
2025-11-06 09:32:00,0.93116,0.93125,0.93109,0.93113,36,1,0,1066245033,2025-11-06 09:30:08,1,0.93122,EURCHF,[sl 0.93122]
2025-11-06 09:33:00,0.93112,0.93118,0.93111,0.93114,39,1,0,1066245033,2025-11-06 09:30:08,1,0.93122,EURCHF,[sl 0.93122]
2025-11-06 09:34:00,0.93114,0.93115,0.93111,0.93111,22,1,0,1066245033,2025-11-06 09:30:08,1,0.93122,EURCHF,[sl 0.93122]
2025-11-06 09:35:00,0.9311,0.93111,0.93105,0.9311,32,1,0,1066245033,2025-11-06 09:30:08,1,0.93122,EURCHF,[sl 0.93122]
2025-11-06 09:36:00,0.9311,0.93112,0.93105,0.93105,26,1,0,1066245033,2025-11-06 09:30:08,1,0.93122,EURCHF,[sl 0.93122]
2025-11-06 09:37:00,0.93106,0.93108,0.93103,0.93108,26,1,0,1066245033,2025-11-06 09:30:08,1,0.93122,EURCHF,[sl 0.93122]
2025-11-06 09:38:00,0.93108,0.93111,0.93106,0.93108,44,1,0,1066245033,2025-11-06 09:30:08,1,0.93122,EURCHF,[sl 0.93122]
2025-11-06 09:39:00,0.93108,0.93109,0.93101,0.93103,24,1,0,1066245033,2025-11-06 09:30:08,1,0.93122,EURCHF,[sl 0.93122]
2025-11-06 09:40:00,0.93103,0.93104,0.931,0.931,32,1,0,1066245033,2025-11-06 09:30:08,1,0.93122,EURCHF,[sl 0.93122]
2025-11-06 09:36:00,177.077,177.084,177.07,177.073,74,0,0,1066253238,2025-11-06 09:35:59,1,177.076,EURJPY,[sl 177.076]
2025-11-06 09:37:00,177.072,177.093,177.058,177.079,74,0,0,1066253238,2025-11-06 09:35:59,1,177.076,EURJPY,[sl 177.076]
2025-11-06 09:38:00,177.08,177.085,177.066,177.068,83,0,0,1066253238,2025-11-06 09:35:59,1,177.076,EURJPY,[sl 177.076]
2025-11-06 09:39:00,177.069,177.069,177.055,177.057,65,0,0,1066253238,2025-11-06 09:35:59,1,177.076,EURJPY,[sl 177.076]
2025-11-06 09:40:00,177.057,177.072,177.045,177.045,85,0,0,1066253238,2025-11-06 09:35:59,1,177.076,EURJPY,[sl 177.076]
2025-11-06 09:41:00,177.048,177.057,177.042,177.044,61,0,0,1066253238,2025-11-06 09:35:59,1,177.076,EURJPY,[sl 177.076]
2025-11-06 09:42:00,177.044,177.056,177.043,177.056,66,0,0,1066253238,2025-11-06 09:35:59,1,177.076,EURJPY,[sl 177.076]
2025-11-06 09:43:00,177.058,177.059,177.003,177.028,90,0,0,1066253238,2025-11-06 09:35:59,1,177.076,EURJPY,[sl 177.076]
2025-11-06 09:44:00,177.03,177.052,177.029,177.04,76,0,0,1066253238,2025-11-06 09:35:59,1,177.076,EURJPY,[sl 177.076]
2025-11-06 09:45:00,177.039,177.095,177.039,177.082,97,0,0,1066253238,2025-11-06 09:35:59,1,177.076,EURJPY,[sl 177.076]
2025-11-06 09:44:00,200.931,200.966,200.925,200.959,104,6,0,1066265200,2025-11-06 09:43:39,1,200.903,GBPJPY,[sl 200.903]
2025-11-06 09:45:00,200.959,201.024,200.959,201.01,111,6,0,1066265200,2025-11-06 09:43:39,1,200.903,GBPJPY,[sl 200.903]
2025-11-06 09:46:00,201.009,201.01,200.955,200.977,115,6,0,1066265200,2025-11-06 09:43:39,1,200.903,GBPJPY,[sl 200.903]
2025-11-06 09:47:00,200.977,200.986,200.948,200.957,151,7,0,1066265200,2025-11-06 09:43:39,1,200.903,GBPJPY,[sl 200.903]
2025-11-06 09:48:00,200.958,200.977,200.94,200.943,138,6,0,1066265200,2025-11-06 09:43:39,1,200.903,GBPJPY,[sl 200.903]
2025-11-06 09:49:00,200.942,200.964,200.923,200.955,113,7,0,1066265200,2025-11-06 09:43:39,1,200.903,GBPJPY,[sl 200.903]
2025-11-06 09:50:00,200.955,200.984,200.954,200.981,66,6,0,1066265200,2025-11-06 09:43:39,1,200.903,GBPJPY,[sl 200.903]
2025-11-06 09:51:00,200.981,200.981,200.953,200.968,77,7,0,1066265200,2025-11-06 09:43:39,1,200.903,GBPJPY,[sl 200.903]
2025-11-06 09:52:00,200.968,200.969,200.936,200.955,84,6,0,1066265200,2025-11-06 09:43:39,1,200.903,GBPJPY,[sl 200.903]
2025-11-06 09:53:00,200.956,200.99,200.956,200.986,90,7,0,1066265200,2025-11-06 09:43:39,1,200.903,GBPJPY,[sl 200.903]
2025-11-06 09:56:00,0.9181,0.91829,0.9181,0.91822,86,1,0,1066277916,2025-11-06 09:55:44,1,0.91815,AUDCAD,[sl 0.91815]
2025-11-06 09:57:00,0.91818,0.9183,0.91809,0.91811,100,2,0,1066277916,2025-11-06 09:55:44,1,0.91815,AUDCAD,[sl 0.91815]
2025-11-06 09:58:00,0.91811,0.91823,0.91807,0.9181,126,2,0,1066277916,2025-11-06 09:55:44,1,0.91815,AUDCAD,[sl 0.91815]
2025-11-06 09:59:00,0.91811,0.91811,0.91798,0.91799,144,2,0,1066277916,2025-11-06 09:55:44,1,0.91815,AUDCAD,[sl 0.91815]
2025-11-06 10:00:00,0.91799,0.91805,0.91779,0.91782,193,2,0,1066277916,2025-11-06 09:55:44,1,0.91815,AUDCAD,[sl 0.91815]
2025-11-06 10:01:00,0.9178,0.91795,0.91771,0.91783,139,2,0,1066277916,2025-11-06 09:55:44,1,0.91815,AUDCAD,[sl 0.91815]
2025-11-06 10:02:00,0.91784,0.91803,0.91778,0.91803,103,2,0,1066277916,2025-11-06 09:55:44,1,0.91815,AUDCAD,[sl 0.91815]
2025-11-06 10:03:00,0.91805,0.91812,0.91798,0.91806,69,2,0,1066277916,2025-11-06 09:55:44,1,0.91815,AUDCAD,[sl 0.91815]
2025-11-06 10:04:00,0.91806,0.91814,0.91799,0.91802,88,2,0,1066277916,2025-11-06 09:55:44,1,0.91815,AUDCAD,[sl 0.91815]
2025-11-06 10:05:00,0.91802,0.91817,0.91801,0.91812,82,2,0,1066277916,2025-11-06 09:55:44,1,0.91815,AUDCAD,[sl 0.91815]
2025-11-06 09:59:00,0.93117,0.93117,0.93098,0.93099,57,1,0,1066279907,2025-11-06 09:58:02,1,0.93124,EURCHF,[sl 0.93124]
2025-11-06 10:00:00,0.931,0.93101,0.93089,0.93095,89,1,0,1066279907,2025-11-06 09:58:02,1,0.93124,EURCHF,[sl 0.93124]
2025-11-06 10:01:00,0.93094,0.9312,0.93094,0.9312,59,1,0,1066279907,2025-11-06 09:58:02,1,0.93124,EURCHF,[sl 0.93124]
2025-11-06 10:02:00,0.93119,0.9312,0.93109,0.93111,57,1,0,1066279907,2025-11-06 09:58:02,1,0.93124,EURCHF,[sl 0.93124]
2025-11-06 10:03:00,0.93111,0.93115,0.93109,0.93114,45,1,0,1066279907,2025-11-06 09:58:02,1,0.93124,EURCHF,[sl 0.93124]
2025-11-06 10:04:00,0.93115,0.93116,0.93101,0.93113,57,1,0,1066279907,2025-11-06 09:58:02,1,0.93124,EURCHF,[sl 0.93124]
2025-11-06 10:05:00,0.93113,0.93116,0.93107,0.93116,43,1,0,1066279907,2025-11-06 09:58:02,1,0.93124,EURCHF,[sl 0.93124]
2025-11-06 10:06:00,0.93116,0.93125,0.93113,0.93114,56,1,0,1066279907,2025-11-06 09:58:02,1,0.93124,EURCHF,[sl 0.93124]
2025-11-06 10:07:00,0.93116,0.93125,0.93114,0.93114,70,1,0,1066279907,2025-11-06 09:58:02,1,0.93124,EURCHF,[sl 0.93124]
2025-11-06 10:08:00,0.93114,0.93115,0.93102,0.93105,38,1,0,1066279907,2025-11-06 09:58:02,1,0.93124,EURCHF,[sl 0.93124]
2025-11-06 10:01:00,1.15023,1.15041,1.15014,1.15032,152,2,0,1066283802,2025-11-06 10:00:56,1,1.15018,AUDNZD,[sl 1.15018]
2025-11-06 10:02:00,1.15032,1.15057,1.15029,1.15055,112,2,0,1066283802,2025-11-06 10:00:56,1,1.15018,AUDNZD,[sl 1.15018]
2025-11-06 10:03:00,1.15051,1.15057,1.1504,1.1504,88,2,0,1066283802,2025-11-06 10:00:56,1,1.15018,AUDNZD,[sl 1.15018]
2025-11-06 10:04:00,1.15042,1.1509,1.1504,1.15083,102,3,0,1066283802,2025-11-06 10:00:56,1,1.15018,AUDNZD,[sl 1.15018]
2025-11-06 10:05:00,1.15083,1.15101,1.15083,1.15097,77,3,0,1066283802,2025-11-06 10:00:56,1,1.15018,AUDNZD,[sl 1.15018]
2025-11-06 10:06:00,1.15097,1.15103,1.15094,1.15097,63,3,0,1066283802,2025-11-06 10:00:56,1,1.15018,AUDNZD,[sl 1.15018]
2025-11-06 10:07:00,1.15097,1.15112,1.15093,1.15111,89,3,0,1066283802,2025-11-06 10:00:56,1,1.15018,AUDNZD,[sl 1.15018]
2025-11-06 10:08:00,1.15111,1.15117,1.15086,1.15113,71,1,0,1066283802,2025-11-06 10:00:56,1,1.15018,AUDNZD,[sl 1.15018]
2025-11-06 10:09:00,1.15113,1.15123,1.15111,1.15121,76,1,0,1066283802,2025-11-06 10:00:56,1,1.15018,AUDNZD,[sl 1.15018]
2025-11-06 10:10:00,1.15125,1.15131,1.15116,1.15117,67,1,0,1066283802,2025-11-06 10:00:56,1,1.15018,AUDNZD,[sl 1.15018]
2025-11-06 10:05:00,100.079,100.107,100.078,100.09,169,3,0,1066289370,2025-11-06 10:04:08,1,100.072,AUDJPY,[sl 100.072]
2025-11-06 10:06:00,100.09,100.107,100.089,100.097,120,3,0,1066289370,2025-11-06 10:04:08,1,100.072,AUDJPY,[sl 100.072]
2025-11-06 10:07:00,100.097,100.12,100.096,100.103,128,3,0,1066289370,2025-11-06 10:04:08,1,100.072,AUDJPY,[sl 100.072]
2025-11-06 10:08:00,100.103,100.116,100.098,100.111,114,2,0,1066289370,2025-11-06 10:04:08,1,100.072,AUDJPY,[sl 100.072]
2025-11-06 10:09:00,100.11,100.137,100.11,100.133,134,1,0,1066289370,2025-11-06 10:04:08,1,100.072,AUDJPY,[sl 100.072]
2025-11-06 10:10:00,100.131,100.169,100.127,100.137,120,1,0,1066289370,2025-11-06 10:04:08,1,100.072,AUDJPY,[sl 100.072]
2025-11-06 10:11:00,100.137,100.167,100.128,100.128,105,1,0,1066289370,2025-11-06 10:04:08,1,100.072,AUDJPY,[sl 100.072]
2025-11-06 10:12:00,100.128,100.134,100.098,100.098,126,1,0,1066289370,2025-11-06 10:04:08,1,100.072,AUDJPY,[sl 100.072]
2025-11-06 10:13:00,100.098,100.1,100.084,100.084,98,1,0,1066289370,2025-11-06 10:04:08,1,100.072,AUDJPY,[sl 100.072]
2025-11-06 10:14:00,100.084,100.093,100.077,100.091,91,1,0,1066289370,2025-11-06 10:04:08,1,100.072,AUDJPY,[sl 100.072]
2025-11-06 10:06:00,1.84226,1.8426900000000002,1.84215,1.8426399999999998,130,1,0,1066292275,2025-11-06 10:05:43,1,1.84236,GBPCAD,[sl 1.84236]
2025-11-06 10:07:00,1.8426399999999998,1.8426900000000002,1.84226,1.8422800000000001,91,2,0,1066292275,2025-11-06 10:05:43,1,1.84236,GBPCAD,[sl 1.84236]
2025-11-06 10:08:00,1.8422800000000001,1.84253,1.8420999999999998,1.84211,113,1,0,1066292275,2025-11-06 10:05:43,1,1.84236,GBPCAD,[sl 1.84236]
2025-11-06 10:09:00,1.8420999999999998,1.8422100000000001,1.8418999999999999,1.8418999999999999,93,1,0,1066292275,2025-11-06 10:05:43,1,1.84236,GBPCAD,[sl 1.84236]
2025-11-06 10:10:00,1.8418999999999999,1.84212,1.84188,1.8419699999999999,91,1,0,1066292275,2025-11-06 10:05:43,1,1.84236,GBPCAD,[sl 1.84236]
2025-11-06 10:11:00,1.84199,1.8420299999999998,1.84185,1.84196,74,1,0,1066292275,2025-11-06 10:05:43,1,1.84236,GBPCAD,[sl 1.84236]
2025-11-06 10:12:00,1.84196,1.84209,1.84181,1.84205,90,1,0,1066292275,2025-11-06 10:05:43,1,1.84236,GBPCAD,[sl 1.84236]
2025-11-06 10:13:00,1.84205,1.84225,1.8420299999999998,1.84222,74,1,0,1066292275,2025-11-06 10:05:43,1,1.84236,GBPCAD,[sl 1.84236]
2025-11-06 10:14:00,1.84222,1.84225,1.8418999999999999,1.84192,68,1,0,1066292275,2025-11-06 10:05:43,1,1.84236,GBPCAD,[sl 1.84236]
2025-11-06 10:15:00,1.84192,1.84193,1.84159,1.8416000000000001,91,1,0,1066292275,2025-11-06 10:05:43,1,1.84236,GBPCAD,[sl 1.84236]
2025-11-06 10:07:00,0.93116,0.93125,0.93114,0.93114,70,1,0,1066293006,2025-11-06 10:06:16,1,0.9313,EURCHF,[sl 0.93130]
2025-11-06 10:08:00,0.93114,0.93115,0.93102,0.93105,38,1,0,1066293006,2025-11-06 10:06:16,1,0.9313,EURCHF,[sl 0.93130]
2025-11-06 10:09:00,0.93105,0.93111,0.93096,0.931,56,1,0,1066293006,2025-11-06 10:06:16,1,0.9313,EURCHF,[sl 0.93130]
2025-11-06 10:10:00,0.93103,0.93112,0.93102,0.93108,27,1,0,1066293006,2025-11-06 10:06:16,1,0.9313,EURCHF,[sl 0.93130]
2025-11-06 10:11:00,0.93109,0.93112,0.93105,0.93105,28,1,0,1066293006,2025-11-06 10:06:16,1,0.9313,EURCHF,[sl 0.93130]
2025-11-06 10:12:00,0.93105,0.93107,0.93095,0.93095,38,1,0,1066293006,2025-11-06 10:06:16,1,0.9313,EURCHF,[sl 0.93130]
2025-11-06 10:13:00,0.93095,0.931,0.93095,0.93097,24,1,0,1066293006,2025-11-06 10:06:16,1,0.9313,EURCHF,[sl 0.93130]
2025-11-06 10:14:00,0.93096,0.93103,0.9309,0.93102,36,1,0,1066293006,2025-11-06 10:06:16,1,0.9313,EURCHF,[sl 0.93130]
2025-11-06 10:15:00,0.931,0.93107,0.93098,0.93107,41,1,0,1066293006,2025-11-06 10:06:16,1,0.9313,EURCHF,[sl 0.93130]
2025-11-06 10:16:00,0.93107,0.93118,0.93105,0.93118,39,1,0,1066293006,2025-11-06 10:06:16,1,0.9313,EURCHF,[sl 0.93130]
2025-11-06 10:21:00,0.80924,0.80936,0.80923,0.80934,23,0,0,1066316324,2025-11-06 10:20:17,1,0.8092,USDCHF,[sl 0.80920]
2025-11-06 10:22:00,0.80934,0.80935,0.80925,0.80929,36,0,0,1066316324,2025-11-06 10:20:17,1,0.8092,USDCHF,[sl 0.80920]
2025-11-06 10:23:00,0.80929,0.80931,0.80928,0.80929,32,0,0,1066316324,2025-11-06 10:20:17,1,0.8092,USDCHF,[sl 0.80920]
2025-11-06 10:24:00,0.80929,0.8093,0.80918,0.8093,35,0,0,1066316324,2025-11-06 10:20:17,1,0.8092,USDCHF,[sl 0.80920]
2025-11-06 10:25:00,0.8093,0.8093,0.80918,0.80918,45,0,0,1066316324,2025-11-06 10:20:17,1,0.8092,USDCHF,[sl 0.80920]
2025-11-06 10:26:00,0.80918,0.80918,0.80909,0.80912,27,0,0,1066316324,2025-11-06 10:20:17,1,0.8092,USDCHF,[sl 0.80920]
2025-11-06 10:27:00,0.80912,0.80914,0.80904,0.8091,25,0,0,1066316324,2025-11-06 10:20:17,1,0.8092,USDCHF,[sl 0.80920]
2025-11-06 10:28:00,0.8091,0.8091,0.80904,0.80907,14,0,0,1066316324,2025-11-06 10:20:17,1,0.8092,USDCHF,[sl 0.80920]
2025-11-06 10:29:00,0.80907,0.80914,0.80901,0.80914,35,0,0,1066316324,2025-11-06 10:20:17,1,0.8092,USDCHF,[sl 0.80920]
2025-11-06 10:30:00,0.80914,0.80918,0.80909,0.8091,31,0,0,1066316324,2025-11-06 10:20:17,1,0.8092,USDCHF,[sl 0.80920]
2025-11-06 10:21:00,176.941,176.957,176.941,176.949,93,0,0,1066317065,2025-11-06 10:20:55,1,176.952,EURJPY,[sl 176.952]
2025-11-06 10:22:00,176.949,176.966,176.944,176.953,105,0,0,1066317065,2025-11-06 10:20:55,1,176.952,EURJPY,[sl 176.952]
2025-11-06 10:23:00,176.954,176.956,176.938,176.951,122,0,0,1066317065,2025-11-06 10:20:55,1,176.952,EURJPY,[sl 176.952]
2025-11-06 10:24:00,176.951,176.955,176.941,176.943,100,0,0,1066317065,2025-11-06 10:20:55,1,176.952,EURJPY,[sl 176.952]
2025-11-06 10:25:00,176.942,176.952,176.94,176.952,119,0,0,1066317065,2025-11-06 10:20:55,1,176.952,EURJPY,[sl 176.952]
2025-11-06 10:26:00,176.951,176.961,176.929,176.931,142,0,0,1066317065,2025-11-06 10:20:55,1,176.952,EURJPY,[sl 176.952]
2025-11-06 10:27:00,176.931,176.937,176.908,176.912,100,0,0,1066317065,2025-11-06 10:20:55,1,176.952,EURJPY,[sl 176.952]
2025-11-06 10:28:00,176.909,176.936,176.909,176.935,130,0,0,1066317065,2025-11-06 10:20:55,1,176.952,EURJPY,[sl 176.952]
2025-11-06 10:29:00,176.934,176.939,176.923,176.928,129,0,0,1066317065,2025-11-06 10:20:55,1,176.952,EURJPY,[sl 176.952]
2025-11-06 10:30:00,176.927,176.938,176.921,176.937,124,0,0,1066317065,2025-11-06 10:20:55,1,176.952,EURJPY,[sl 176.952]
2025-11-06 10:22:00,1.05735,1.05744,1.05729,1.0573,71,1,0,1066317408,2025-11-06 10:21:12,1,1.05733,GBPCHF,[sl 1.05733]
2025-11-06 10:23:00,1.0573,1.05731,1.05724,1.05731,68,1,0,1066317408,2025-11-06 10:21:12,1,1.05733,GBPCHF,[sl 1.05733]
2025-11-06 10:24:00,1.05731,1.05743,1.05715,1.0574,74,1,0,1066317408,2025-11-06 10:21:12,1,1.05733,GBPCHF,[sl 1.05733]
2025-11-06 10:25:00,1.0574,1.05743,1.05727,1.05729,80,1,0,1066317408,2025-11-06 10:21:12,1,1.05733,GBPCHF,[sl 1.05733]
2025-11-06 10:26:00,1.05729,1.05737,1.05724,1.05728,58,1,0,1066317408,2025-11-06 10:21:12,1,1.05733,GBPCHF,[sl 1.05733]
2025-11-06 10:27:00,1.05728,1.05732,1.0572,1.05729,79,1,0,1066317408,2025-11-06 10:21:12,1,1.05733,GBPCHF,[sl 1.05733]
2025-11-06 10:28:00,1.05729,1.05749,1.05726,1.05749,71,1,0,1066317408,2025-11-06 10:21:12,1,1.05733,GBPCHF,[sl 1.05733]
2025-11-06 10:29:00,1.05748,1.05749,1.05733,1.05739,71,1,0,1066317408,2025-11-06 10:21:12,1,1.05733,GBPCHF,[sl 1.05733]
2025-11-06 10:30:00,1.05739,1.05747,1.05735,1.05736,77,1,0,1066317408,2025-11-06 10:21:12,1,1.05733,GBPCHF,[sl 1.05733]
2025-11-06 10:31:00,1.05736,1.0574,1.05719,1.05722,76,1,0,1066317408,2025-11-06 10:21:12,1,1.05733,GBPCHF,[sl 1.05733]
2025-11-06 10:25:00,2.00771,2.00777,2.0075,2.00758,67,2,0,1066320696,2025-11-06 10:24:28,1,2.00786,GBPAUD,[sl 2.00786]
2025-11-06 10:26:00,2.00758,2.00771,2.00747,2.00753,73,2,0,1066320696,2025-11-06 10:24:28,1,2.00786,GBPAUD,[sl 2.00786]
2025-11-06 10:27:00,2.00756,2.00798,2.00745,2.00785,101,2,0,1066320696,2025-11-06 10:24:28,1,2.00786,GBPAUD,[sl 2.00786]
2025-11-06 10:28:00,2.00785,2.00805,2.00778,2.00805,101,2,0,1066320696,2025-11-06 10:24:28,1,2.00786,GBPAUD,[sl 2.00786]
2025-11-06 10:29:00,2.00804,2.00814,2.00786,2.00807,84,2,0,1066320696,2025-11-06 10:24:28,1,2.00786,GBPAUD,[sl 2.00786]
2025-11-06 10:30:00,2.00807,2.00824,2.00801,2.00816,77,2,0,1066320696,2025-11-06 10:24:28,1,2.00786,GBPAUD,[sl 2.00786]
2025-11-06 10:31:00,2.00816,2.00834,2.00803,2.00834,79,2,0,1066320696,2025-11-06 10:24:28,1,2.00786,GBPAUD,[sl 2.00786]
2025-11-06 10:32:00,2.00834,2.00874,2.00824,2.00842,111,2,0,1066320696,2025-11-06 10:24:28,1,2.00786,GBPAUD,[sl 2.00786]
2025-11-06 10:33:00,2.00842,2.00868,2.00842,2.00857,80,2,0,1066320696,2025-11-06 10:24:28,1,2.00786,GBPAUD,[sl 2.00786]
2025-11-06 10:34:00,2.00857,2.00874,2.00834,2.00844,93,1,0,1066320696,2025-11-06 10:24:28,1,2.00786,GBPAUD,[sl 2.00786]
2025-11-06 10:36:00,0.80965,0.80979,0.80964,0.80979,34,0,0,1066338722,2025-11-06 10:35:50,1,0.80966,USDCHF,[sl 0.80966]
2025-11-06 10:37:00,0.80978,0.80979,0.80965,0.80966,42,0,0,1066338722,2025-11-06 10:35:50,1,0.80966,USDCHF,[sl 0.80966]
2025-11-06 10:38:00,0.80966,0.80967,0.80953,0.80957,33,0,0,1066338722,2025-11-06 10:35:50,1,0.80966,USDCHF,[sl 0.80966]
2025-11-06 10:39:00,0.80957,0.80972,0.80957,0.80968,32,0,0,1066338722,2025-11-06 10:35:50,1,0.80966,USDCHF,[sl 0.80966]
2025-11-06 10:40:00,0.80968,0.80968,0.80957,0.80963,40,0,0,1066338722,2025-11-06 10:35:50,1,0.80966,USDCHF,[sl 0.80966]
2025-11-06 10:41:00,0.80963,0.80967,0.80957,0.80964,25,0,0,1066338722,2025-11-06 10:35:50,1,0.80966,USDCHF,[sl 0.80966]
2025-11-06 10:42:00,0.80964,0.80979,0.80962,0.80975,43,0,0,1066338722,2025-11-06 10:35:50,1,0.80966,USDCHF,[sl 0.80966]
2025-11-06 10:43:00,0.80974,0.80988,0.80973,0.80987,39,0,0,1066338722,2025-11-06 10:35:50,1,0.80966,USDCHF,[sl 0.80966]
2025-11-06 10:44:00,0.80987,0.80991,0.80983,0.80983,34,0,0,1066338722,2025-11-06 10:35:50,1,0.80966,USDCHF,[sl 0.80966]
2025-11-06 10:45:00,0.80983,0.80985,0.80975,0.80977,35,0,0,1066338722,2025-11-06 10:35:50,1,0.80966,USDCHF,[sl 0.80966]
2025-11-06 10:38:00,0.65053,0.65064,0.65052,0.65063,41,0,0,1066340575,2025-11-06 10:37:17,1,0.6504,AUDUSD,[sl 0.65040]
2025-11-06 10:39:00,0.65063,0.65063,0.65052,0.65053,28,0,0,1066340575,2025-11-06 10:37:17,1,0.6504,AUDUSD,[sl 0.65040]
2025-11-06 10:40:00,0.65053,0.65061,0.65053,0.65058,47,0,0,1066340575,2025-11-06 10:37:17,1,0.6504,AUDUSD,[sl 0.65040]
2025-11-06 10:41:00,0.65058,0.65058,0.65053,0.65055,48,0,0,1066340575,2025-11-06 10:37:17,1,0.6504,AUDUSD,[sl 0.65040]
2025-11-06 10:42:00,0.65055,0.6506,0.65052,0.65053,30,0,0,1066340575,2025-11-06 10:37:17,1,0.6504,AUDUSD,[sl 0.65040]
2025-11-06 10:43:00,0.65054,0.65055,0.65043,0.65044,50,0,0,1066340575,2025-11-06 10:37:17,1,0.6504,AUDUSD,[sl 0.65040]
2025-11-06 10:44:00,0.65044,0.6505,0.65044,0.6505,43,0,0,1066340575,2025-11-06 10:37:17,1,0.6504,AUDUSD,[sl 0.65040]
2025-11-06 10:45:00,0.6505,0.6505,0.65042,0.65048,27,0,0,1066340575,2025-11-06 10:37:17,1,0.6504,AUDUSD,[sl 0.65040]
2025-11-06 10:46:00,0.65048,0.65056,0.65045,0.65056,36,0,0,1066340575,2025-11-06 10:37:17,1,0.6504,AUDUSD,[sl 0.65040]
2025-11-06 10:47:00,0.65056,0.65056,0.65049,0.65055,25,0,0,1066340575,2025-11-06 10:37:17,1,0.6504,AUDUSD,[sl 0.65040]
2025-11-06 10:51:00,0.88058,0.88059,0.88056,0.88058,35,0,0,1066355749,2025-11-06 10:50:15,1,0.88058,EURGBP,[sl 0.88058]
2025-11-06 10:52:00,0.88058,0.8806,0.88047,0.88052,47,0,0,1066355749,2025-11-06 10:50:15,1,0.88058,EURGBP,[sl 0.88058]
2025-11-06 10:53:00,0.88052,0.88058,0.88041,0.88043,59,0,0,1066355749,2025-11-06 10:50:15,1,0.88058,EURGBP,[sl 0.88058]
2025-11-06 10:54:00,0.88043,0.88051,0.88043,0.88051,75,0,0,1066355749,2025-11-06 10:50:15,1,0.88058,EURGBP,[sl 0.88058]
2025-11-06 10:55:00,0.88051,0.88054,0.88048,0.88051,69,0,0,1066355749,2025-11-06 10:50:15,1,0.88058,EURGBP,[sl 0.88058]
2025-11-06 10:56:00,0.8805,0.88055,0.88041,0.8805,105,0,0,1066355749,2025-11-06 10:50:15,1,0.88058,EURGBP,[sl 0.88058]
2025-11-06 10:57:00,0.8805,0.88069,0.88043,0.88053,115,0,0,1066355749,2025-11-06 10:50:15,1,0.88058,EURGBP,[sl 0.88058]
2025-11-06 10:58:00,0.88053,0.88055,0.88041,0.88047,92,0,0,1066355749,2025-11-06 10:50:15,1,0.88058,EURGBP,[sl 0.88058]
2025-11-06 10:59:00,0.88048,0.88069,0.88047,0.88051,93,0,0,1066355749,2025-11-06 10:50:15,1,0.88058,EURGBP,[sl 0.88058]
2025-11-06 11:00:00,0.88051,0.88055,0.8804,0.88055,75,0,0,1066355749,2025-11-06 10:50:15,1,0.88058,EURGBP,[sl 0.88058]
2025-11-06 10:54:00,0.79763,0.79795,0.79763,0.79792,81,1,0,1066360314,2025-11-06 10:53:56,1,0.79775,NZDCAD,[sl 0.79775]
2025-11-06 10:55:00,0.79792,0.79808,0.79792,0.79808,65,1,0,1066360314,2025-11-06 10:53:56,1,0.79775,NZDCAD,[sl 0.79775]
2025-11-06 10:56:00,0.79807,0.79815,0.79797,0.79808,81,1,0,1066360314,2025-11-06 10:53:56,1,0.79775,NZDCAD,[sl 0.79775]
2025-11-06 10:57:00,0.79808,0.79831,0.79808,0.79831,86,1,0,1066360314,2025-11-06 10:53:56,1,0.79775,NZDCAD,[sl 0.79775]
2025-11-06 10:58:00,0.79831,0.7984,0.79821,0.79826,87,1,0,1066360314,2025-11-06 10:53:56,1,0.79775,NZDCAD,[sl 0.79775]
2025-11-06 10:59:00,0.79826,0.79839,0.79822,0.79827,110,1,0,1066360314,2025-11-06 10:53:56,1,0.79775,NZDCAD,[sl 0.79775]
2025-11-06 11:00:00,0.79827,0.79839,0.79817,0.79817,110,1,0,1066360314,2025-11-06 10:53:56,1,0.79775,NZDCAD,[sl 0.79775]
2025-11-06 11:01:00,0.79817,0.79832,0.79817,0.7983,90,1,0,1066360314,2025-11-06 10:53:56,1,0.79775,NZDCAD,[sl 0.79775]
2025-11-06 11:02:00,0.7983,0.79833,0.798,0.79804,70,1,0,1066360314,2025-11-06 10:53:56,1,0.79775,NZDCAD,[sl 0.79775]
2025-11-06 11:03:00,0.79803,0.79827,0.79802,0.79827,83,1,0,1066360314,2025-11-06 10:53:56,1,0.79775,NZDCAD,[sl 0.79775]
2025-11-06 10:55:00,0.93154,0.93155,0.93142,0.93153,68,1,0,1066361529,2025-11-06 10:54:37,1,0.93144,EURCHF,[sl 0.93144]
2025-11-06 10:56:00,0.93154,0.93167,0.93152,0.93157,95,1,0,1066361529,2025-11-06 10:54:37,1,0.93144,EURCHF,[sl 0.93144]
2025-11-06 10:57:00,0.93158,0.93164,0.93145,0.93147,125,1,0,1066361529,2025-11-06 10:54:37,1,0.93144,EURCHF,[sl 0.93144]
2025-11-06 10:58:00,0.93147,0.93157,0.93134,0.93138,107,1,0,1066361529,2025-11-06 10:54:37,1,0.93144,EURCHF,[sl 0.93144]
2025-11-06 10:59:00,0.93138,0.93151,0.93133,0.93145,89,1,0,1066361529,2025-11-06 10:54:37,1,0.93144,EURCHF,[sl 0.93144]
2025-11-06 11:00:00,0.93145,0.93159,0.93139,0.93141,88,1,0,1066361529,2025-11-06 10:54:37,1,0.93144,EURCHF,[sl 0.93144]
2025-11-06 11:01:00,0.93142,0.93146,0.93136,0.93145,78,1,0,1066361529,2025-11-06 10:54:37,1,0.93144,EURCHF,[sl 0.93144]
2025-11-06 11:02:00,0.93146,0.93147,0.93138,0.93141,73,1,0,1066361529,2025-11-06 10:54:37,1,0.93144,EURCHF,[sl 0.93144]
2025-11-06 11:03:00,0.93138,0.93149,0.93134,0.93141,72,1,0,1066361529,2025-11-06 10:54:37,1,0.93144,EURCHF,[sl 0.93144]
2025-11-06 11:04:00,0.93141,0.93148,0.9314,0.93148,45,1,0,1066361529,2025-11-06 10:54:37,1,0.93144,EURCHF,[sl 0.93144]
2025-11-06 10:56:00,2.03372,2.03442,2.03367,2.03428,130,3,0,1066362094,2025-11-06 10:55:01,1,2.03397,EURNZD,[sl 2.03397]
2025-11-06 10:57:00,2.03432,2.03461,2.03414,2.03417,174,4,0,1066362094,2025-11-06 10:55:01,1,2.03397,EURNZD,[sl 2.03397]
2025-11-06 10:58:00,2.03417,2.03418,2.03338,2.03358,145,4,0,1066362094,2025-11-06 10:55:01,1,2.03397,EURNZD,[sl 2.03397]
2025-11-06 10:59:00,2.03356,2.03399,2.03352,2.03362,137,4,0,1066362094,2025-11-06 10:55:01,1,2.03397,EURNZD,[sl 2.03397]
2025-11-06 11:00:00,2.03364,2.03368,2.03299,2.03355,134,4,0,1066362094,2025-11-06 10:55:01,1,2.03397,EURNZD,[sl 2.03397]
2025-11-06 11:01:00,2.03355,2.03371,2.03339,2.03347,119,2,0,1066362094,2025-11-06 10:55:01,1,2.03397,EURNZD,[sl 2.03397]
2025-11-06 11:02:00,2.03344,2.03406,2.03338,2.03394,97,2,0,1066362094,2025-11-06 10:55:01,1,2.03397,EURNZD,[sl 2.03397]
2025-11-06 11:03:00,2.03398,2.03406,2.03377,2.03383,108,2,0,1066362094,2025-11-06 10:55:01,1,2.03397,EURNZD,[sl 2.03397]
2025-11-06 11:04:00,2.03383,2.03414,2.03375,2.03391,85,2,0,1066362094,2025-11-06 10:55:01,1,2.03397,EURNZD,[sl 2.03397]
2025-11-06 11:05:00,2.03391,2.03425,2.03391,2.03407,88,2,0,1066362094,2025-11-06 10:55:01,1,2.03397,EURNZD,[sl 2.03397]
2025-11-06 10:56:00,0.45803,0.45805,0.45789,0.45794,105,1,0,1066362775,2025-11-06 10:55:38,1,0.45809,NZDCHF,[sl 0.45809]
2025-11-06 10:57:00,0.45794,0.45796,0.45782,0.4579,106,1,0,1066362775,2025-11-06 10:55:38,1,0.45809,NZDCHF,[sl 0.45809]
2025-11-06 10:58:00,0.4579,0.45806,0.4579,0.45797,102,1,0,1066362775,2025-11-06 10:55:38,1,0.45809,NZDCHF,[sl 0.45809]
2025-11-06 10:59:00,0.45797,0.45806,0.45792,0.458,114,1,0,1066362775,2025-11-06 10:55:38,1,0.45809,NZDCHF,[sl 0.45809]
2025-11-06 11:00:00,0.458,0.4582,0.45798,0.45799,91,1,0,1066362775,2025-11-06 10:55:38,1,0.45809,NZDCHF,[sl 0.45809]
2025-11-06 11:01:00,0.45799,0.45807,0.45797,0.45805,90,1,0,1066362775,2025-11-06 10:55:38,1,0.45809,NZDCHF,[sl 0.45809]
2025-11-06 11:02:00,0.45805,0.45807,0.45789,0.4579,62,1,0,1066362775,2025-11-06 10:55:38,1,0.45809,NZDCHF,[sl 0.45809]
2025-11-06 11:03:00,0.4579,0.45799,0.45786,0.45796,89,1,0,1066362775,2025-11-06 10:55:38,1,0.45809,NZDCHF,[sl 0.45809]
2025-11-06 11:04:00,0.45795,0.45797,0.45791,0.45794,71,1,0,1066362775,2025-11-06 10:55:38,1,0.45809,NZDCHF,[sl 0.45809]
2025-11-06 11:05:00,0.45794,0.45795,0.45785,0.45792,73,1,0,1066362775,2025-11-06 10:55:38,1,0.45809,NZDCHF,[sl 0.45809]
2025-11-06 10:57:00,1.15021,1.15022,1.14999,1.15001,98,3,0,1066363754,2025-11-06 10:56:24,1,1.15005,AUDNZD,[sl 1.15005]
2025-11-06 10:58:00,1.15001,1.15009,1.14992,1.15007,86,3,0,1066363754,2025-11-06 10:56:24,1,1.15005,AUDNZD,[sl 1.15005]
2025-11-06 10:59:00,1.15005,1.15026,1.15005,1.15015,105,2,0,1066363754,2025-11-06 10:56:24,1,1.15005,AUDNZD,[sl 1.15005]
2025-11-06 11:00:00,1.15013,1.15026,1.15007,1.1502,132,3,0,1066363754,2025-11-06 10:56:24,1,1.15005,AUDNZD,[sl 1.15005]
2025-11-06 11:01:00,1.1502,1.15026,1.15011,1.15011,99,3,0,1066363754,2025-11-06 10:56:24,1,1.15005,AUDNZD,[sl 1.15005]
2025-11-06 11:02:00,1.15011,1.15027,1.15011,1.15021,92,3,0,1066363754,2025-11-06 10:56:24,1,1.15005,AUDNZD,[sl 1.15005]
2025-11-06 11:03:00,1.15023,1.15031,1.15015,1.15015,104,2,0,1066363754,2025-11-06 10:56:24,1,1.15005,AUDNZD,[sl 1.15005]
2025-11-06 11:04:00,1.15015,1.15021,1.15004,1.15009,87,3,0,1066363754,2025-11-06 10:56:24,1,1.15005,AUDNZD,[sl 1.15005]
2025-11-06 11:05:00,1.15007,1.15028,1.15007,1.15026,80,3,0,1066363754,2025-11-06 10:56:24,1,1.15005,AUDNZD,[sl 1.15005]
2025-11-06 11:06:00,1.15026,1.15032,1.15021,1.15032,80,3,0,1066363754,2025-11-06 10:56:24,1,1.15005,AUDNZD,[sl 1.15005]
2025-11-06 11:01:00,2.30941,2.30953,2.30897,2.30907,173,3,0,1066373525,2025-11-06 11:00:15,1,2.30912,GBPNZD,[sl 2.30912]
2025-11-06 11:02:00,2.3091,2.30966,2.3089,2.30964,140,3,0,1066373525,2025-11-06 11:00:15,1,2.30912,GBPNZD,[sl 2.30912]
2025-11-06 11:03:00,2.30968,2.30993,2.30961,2.30979,172,2,0,1066373525,2025-11-06 11:00:15,1,2.30912,GBPNZD,[sl 2.30912]
2025-11-06 11:04:00,2.30979,2.31024,2.30975,2.3099600000000002,117,3,0,1066373525,2025-11-06 11:00:15,1,2.30912,GBPNZD,[sl 2.30912]
2025-11-06 11:05:00,2.3099600000000002,2.31044,2.30994,2.31025,118,3,0,1066373525,2025-11-06 11:00:15,1,2.30912,GBPNZD,[sl 2.30912]
2025-11-06 11:06:00,2.31026,2.31046,2.31008,2.31024,121,3,0,1066373525,2025-11-06 11:00:15,1,2.30912,GBPNZD,[sl 2.30912]
2025-11-06 11:07:00,2.31024,2.31031,2.30999,2.31023,95,3,0,1066373525,2025-11-06 11:00:15,1,2.30912,GBPNZD,[sl 2.30912]
2025-11-06 11:08:00,2.31023,2.31044,2.3101,2.31029,78,3,0,1066373525,2025-11-06 11:00:15,1,2.30912,GBPNZD,[sl 2.30912]
2025-11-06 11:09:00,2.31029,2.31046,2.30971,2.30992,124,3,0,1066373525,2025-11-06 11:00:15,1,2.30912,GBPNZD,[sl 2.30912]
2025-11-06 11:10:00,2.31001,2.31038,2.3099,2.31031,90,3,0,1066373525,2025-11-06 11:00:15,1,2.30912,GBPNZD,[sl 2.30912]
2025-11-06 11:04:00,200.993,201.022,200.988,201.013,121,5,0,1066377306,2025-11-06 11:03:28,1,200.999,GBPJPY,[sl 200.999]
2025-11-06 11:05:00,201.013,201.028,200.986,201.012,111,5,0,1066377306,2025-11-06 11:03:28,1,200.999,GBPJPY,[sl 200.999]
2025-11-06 11:06:00,201.015,201.037,201.003,201.018,120,7,0,1066377306,2025-11-06 11:03:28,1,200.999,GBPJPY,[sl 200.999]
2025-11-06 11:07:00,201.018,201.031,201.008,201.015,93,6,0,1066377306,2025-11-06 11:03:28,1,200.999,GBPJPY,[sl 200.999]
2025-11-06 11:08:00,201.017,201.045,201.008,201.044,95,5,0,1066377306,2025-11-06 11:03:28,1,200.999,GBPJPY,[sl 200.999]
2025-11-06 11:09:00,201.041,201.055,201.026,201.036,121,5,0,1066377306,2025-11-06 11:03:28,1,200.999,GBPJPY,[sl 200.999]
2025-11-06 11:10:00,201.036,201.07,201.023,201.047,93,5,0,1066377306,2025-11-06 11:03:28,1,200.999,GBPJPY,[sl 200.999]
2025-11-06 11:11:00,201.047,201.05,201.038,201.043,98,5,0,1066377306,2025-11-06 11:03:28,1,200.999,GBPJPY,[sl 200.999]
2025-11-06 11:12:00,201.045,201.057,201.012,201.056,134,4,0,1066377306,2025-11-06 11:03:28,1,200.999,GBPJPY,[sl 200.999]
2025-11-06 11:13:00,201.056,201.057,201.022,201.038,96,5,0,1066377306,2025-11-06 11:03:28,1,200.999,GBPJPY,[sl 200.999]
2025-11-06 11:10:00,100.111,100.126,100.106,100.109,95,3,0,1066385112,2025-11-06 11:09:29,1,100.124,AUDJPY,[sl 100.124]
2025-11-06 11:11:00,100.11,100.118,100.104,100.104,74,3,0,1066385112,2025-11-06 11:09:29,1,100.124,AUDJPY,[sl 100.124]
2025-11-06 11:12:00,100.104,100.131,100.093,100.131,116,1,0,1066385112,2025-11-06 11:09:29,1,100.124,AUDJPY,[sl 100.124]
2025-11-06 11:13:00,100.132,100.135,100.124,100.128,65,3,0,1066385112,2025-11-06 11:09:29,1,100.124,AUDJPY,[sl 100.124]
2025-11-06 11:14:00,100.128,100.129,100.098,100.101,101,1,0,1066385112,2025-11-06 11:09:29,1,100.124,AUDJPY,[sl 100.124]
2025-11-06 11:15:00,100.101,100.114,100.093,100.104,98,1,0,1066385112,2025-11-06 11:09:29,1,100.124,AUDJPY,[sl 100.124]
2025-11-06 11:16:00,100.104,100.114,100.101,100.111,101,1,0,1066385112,2025-11-06 11:09:29,1,100.124,AUDJPY,[sl 100.124]
2025-11-06 11:17:00,100.111,100.114,100.1,100.112,85,1,0,1066385112,2025-11-06 11:09:29,1,100.124,AUDJPY,[sl 100.124]
2025-11-06 11:18:00,100.114,100.151,100.114,100.138,114,1,0,1066385112,2025-11-06 11:09:29,1,100.124,AUDJPY,[sl 100.124]
2025-11-06 11:19:00,100.138,100.142,100.126,100.13,82,1,0,1066385112,2025-11-06 11:09:29,1,100.124,AUDJPY,[sl 100.124]
2025-11-06 11:29:00,87.043,87.049,87.036,87.039,62,1,0,1066405557,2025-11-06 11:28:30,1,87.05,NZDJPY,[sl 87.050]
2025-11-06 11:30:00,87.039,87.04,87.027,87.035,62,1,0,1066405557,2025-11-06 11:28:30,1,87.05,NZDJPY,[sl 87.050]
2025-11-06 11:31:00,87.035,87.047,87.031,87.045,82,1,0,1066405557,2025-11-06 11:28:30,1,87.05,NZDJPY,[sl 87.050]
2025-11-06 11:32:00,87.047,87.048,87.026,87.029,115,1,0,1066405557,2025-11-06 11:28:30,1,87.05,NZDJPY,[sl 87.050]
2025-11-06 11:33:00,87.028,87.044,87.028,87.043,71,1,0,1066405557,2025-11-06 11:28:30,1,87.05,NZDJPY,[sl 87.050]
2025-11-06 11:34:00,87.044,87.044,87.026,87.027,71,1,0,1066405557,2025-11-06 11:28:30,1,87.05,NZDJPY,[sl 87.050]
2025-11-06 11:35:00,87.027,87.034,87.013,87.016,70,1,0,1066405557,2025-11-06 11:28:30,1,87.05,NZDJPY,[sl 87.050]
2025-11-06 11:36:00,87.016,87.028,87.009,87.026,81,1,0,1066405557,2025-11-06 11:28:30,1,87.05,NZDJPY,[sl 87.050]
2025-11-06 11:37:00,87.027,87.038,87.022,87.029,57,1,0,1066405557,2025-11-06 11:28:30,1,87.05,NZDJPY,[sl 87.050]
2025-11-06 11:38:00,87.029,87.03,87.017,87.03,60,1,0,1066405557,2025-11-06 11:28:30,1,87.05,NZDJPY,[sl 87.050]
2025-11-06 11:32:00,2.00711,2.00754,2.00703,2.00742,113,2,0,1066408652,2025-11-06 11:31:45,1,2.00703,GBPAUD,[sl 2.00703]
2025-11-06 11:33:00,2.00742,2.00742,2.00723,2.00726,80,2,0,1066408652,2025-11-06 11:31:45,1,2.00703,GBPAUD,[sl 2.00703]
2025-11-06 11:34:00,2.00726,2.00733,2.00718,2.00721,50,2,0,1066408652,2025-11-06 11:31:45,1,2.00703,GBPAUD,[sl 2.00703]
2025-11-06 11:35:00,2.0072,2.00743,2.00715,2.00736,56,2,0,1066408652,2025-11-06 11:31:45,1,2.00703,GBPAUD,[sl 2.00703]
2025-11-06 11:36:00,2.00736,2.00775,2.00731,2.00772,102,2,0,1066408652,2025-11-06 11:31:45,1,2.00703,GBPAUD,[sl 2.00703]
2025-11-06 11:37:00,2.00774,2.00824,2.00769,2.00812,115,2,0,1066408652,2025-11-06 11:31:45,1,2.00703,GBPAUD,[sl 2.00703]
2025-11-06 11:38:00,2.00812,2.00828,2.00799,2.00826,72,2,0,1066408652,2025-11-06 11:31:45,1,2.00703,GBPAUD,[sl 2.00703]
2025-11-06 11:39:00,2.00826,2.00869,2.0082,2.00863,99,2,0,1066408652,2025-11-06 11:31:45,1,2.00703,GBPAUD,[sl 2.00703]
2025-11-06 11:40:00,2.00862,2.009,2.00857,2.00896,76,2,0,1066408652,2025-11-06 11:31:45,1,2.00703,GBPAUD,[sl 2.00703]
2025-11-06 11:41:00,2.00896,2.00906,2.00889,2.00901,88,2,0,1066408652,2025-11-06 11:31:45,1,2.00703,GBPAUD,[sl 2.00703]
2025-11-06 12:38:00,177.064,177.079,177.064,177.068,86,0,0,1066485570,2025-11-06 12:37:35,1,177.074,EURJPY,[sl 177.074]
2025-11-06 12:39:00,177.066,177.07,177.045,177.053,96,0,0,1066485570,2025-11-06 12:37:35,1,177.074,EURJPY,[sl 177.074]
2025-11-06 12:40:00,177.052,177.053,177.044,177.049,59,0,0,1066485570,2025-11-06 12:37:35,1,177.074,EURJPY,[sl 177.074]
2025-11-06 12:41:00,177.05,177.061,177.048,177.057,70,0,0,1066485570,2025-11-06 12:37:35,1,177.074,EURJPY,[sl 177.074]
2025-11-06 12:42:00,177.058,177.072,177.055,177.064,68,0,0,1066485570,2025-11-06 12:37:35,1,177.074,EURJPY,[sl 177.074]
2025-11-06 12:43:00,177.065,177.077,177.063,177.064,61,0,0,1066485570,2025-11-06 12:37:35,1,177.074,EURJPY,[sl 177.074]
2025-11-06 12:44:00,177.065,177.067,177.049,177.062,79,0,0,1066485570,2025-11-06 12:37:35,1,177.074,EURJPY,[sl 177.074]
2025-11-06 12:45:00,177.062,177.074,177.06,177.066,81,0,0,1066485570,2025-11-06 12:37:35,1,177.074,EURJPY,[sl 177.074]
2025-11-06 12:46:00,177.067,177.071,177.048,177.052,62,0,0,1066485570,2025-11-06 12:37:35,1,177.074,EURJPY,[sl 177.074]
2025-11-06 12:47:00,177.051,177.053,177.042,177.043,86,0,0,1066485570,2025-11-06 12:37:35,1,177.074,EURJPY,[sl 177.074]
2025-11-06 12:49:00,0.65084,0.65094,0.65084,0.6509,29,0,0,1066499320,2025-11-06 12:48:13,1,0.65078,AUDUSD,[sl 0.65078]
2025-11-06 12:50:00,0.6509,0.6509,0.65084,0.65085,25,0,0,1066499320,2025-11-06 12:48:13,1,0.65078,AUDUSD,[sl 0.65078]
2025-11-06 12:51:00,0.65084,0.65089,0.65083,0.65089,18,0,0,1066499320,2025-11-06 12:48:13,1,0.65078,AUDUSD,[sl 0.65078]
2025-11-06 12:52:00,0.65089,0.65094,0.65086,0.65092,29,0,0,1066499320,2025-11-06 12:48:13,1,0.65078,AUDUSD,[sl 0.65078]
2025-11-06 12:53:00,0.65092,0.65096,0.65089,0.65094,29,0,0,1066499320,2025-11-06 12:48:13,1,0.65078,AUDUSD,[sl 0.65078]
2025-11-06 12:54:00,0.65094,0.65099,0.65093,0.65095,21,0,0,1066499320,2025-11-06 12:48:13,1,0.65078,AUDUSD,[sl 0.65078]
2025-11-06 12:55:00,0.65095,0.65095,0.65083,0.65088,29,0,0,1066499320,2025-11-06 12:48:13,1,0.65078,AUDUSD,[sl 0.65078]
2025-11-06 12:56:00,0.65088,0.65088,0.65073,0.65073,49,0,0,1066499320,2025-11-06 12:48:13,1,0.65078,AUDUSD,[sl 0.65078]
2025-11-06 12:57:00,0.65073,0.65073,0.65066,0.65067,38,0,0,1066499320,2025-11-06 12:48:13,1,0.65078,AUDUSD,[sl 0.65078]
2025-11-06 12:58:00,0.65067,0.65076,0.65067,0.65073,22,0,0,1066499320,2025-11-06 12:48:13,1,0.65078,AUDUSD,[sl 0.65078]
2025-11-06 12:58:00,100.04,100.051,100.037,100.051,57,1,0,1066508363,2025-11-06 12:57:10,1,100.043,AUDJPY,[sl 100.043]
2025-11-06 12:59:00,100.051,100.051,100.041,100.049,51,1,0,1066508363,2025-11-06 12:57:10,1,100.043,AUDJPY,[sl 100.043]
2025-11-06 13:00:00,100.048,100.06,100.037,100.054,93,1,0,1066508363,2025-11-06 12:57:10,1,100.043,AUDJPY,[sl 100.043]
2025-11-06 13:01:00,100.054,100.078,100.054,100.077,86,2,0,1066508363,2025-11-06 12:57:10,1,100.043,AUDJPY,[sl 100.043]
2025-11-06 13:02:00,100.077,100.08,100.063,100.064,65,3,0,1066508363,2025-11-06 12:57:10,1,100.043,AUDJPY,[sl 100.043]
2025-11-06 13:03:00,100.064,100.071,100.056,100.061,57,1,0,1066508363,2025-11-06 12:57:10,1,100.043,AUDJPY,[sl 100.043]
2025-11-06 13:04:00,100.061,100.067,100.058,100.058,55,1,0,1066508363,2025-11-06 12:57:10,1,100.043,AUDJPY,[sl 100.043]
2025-11-06 13:05:00,100.058,100.059,100.047,100.05,84,1,0,1066508363,2025-11-06 12:57:10,1,100.043,AUDJPY,[sl 100.043]
2025-11-06 13:06:00,100.05,100.052,100.035,100.038,72,1,0,1066508363,2025-11-06 12:57:10,1,100.043,AUDJPY,[sl 100.043]
2025-11-06 13:07:00,100.038,100.042,100.032,100.033,42,1,0,1066508363,2025-11-06 12:57:10,1,100.043,AUDJPY,[sl 100.043]
2025-11-06 12:58:00,176.991,176.996,176.984,176.986,66,0,0,1066508656,2025-11-06 12:57:28,1,176.974,EURJPY,[sl 176.974]
2025-11-06 12:59:00,176.986,176.986,176.971,176.972,49,0,0,1066508656,2025-11-06 12:57:28,1,176.974,EURJPY,[sl 176.974]
2025-11-06 13:00:00,176.971,176.985,176.966,176.971,84,0,0,1066508656,2025-11-06 12:57:28,1,176.974,EURJPY,[sl 176.974]
2025-11-06 13:01:00,176.972,177.012,176.971,177.012,86,0,0,1066508656,2025-11-06 12:57:28,1,176.974,EURJPY,[sl 176.974]
2025-11-06 13:02:00,177.011,177.021,177.005,177.005,53,0,0,1066508656,2025-11-06 12:57:28,1,176.974,EURJPY,[sl 176.974]
2025-11-06 13:03:00,177.005,177.013,177.0,177.01,76,0,0,1066508656,2025-11-06 12:57:28,1,176.974,EURJPY,[sl 176.974]
2025-11-06 13:04:00,177.01,177.016,177.001,177.002,54,0,0,1066508656,2025-11-06 12:57:28,1,176.974,EURJPY,[sl 176.974]
2025-11-06 13:05:00,177.001,177.002,176.977,176.977,89,0,0,1066508656,2025-11-06 12:57:28,1,176.974,EURJPY,[sl 176.974]
2025-11-06 13:06:00,176.979,176.979,176.966,176.967,82,0,0,1066508656,2025-11-06 12:57:28,1,176.974,EURJPY,[sl 176.974]
2025-11-06 13:07:00,176.967,176.972,176.959,176.961,67,0,0,1066508656,2025-11-06 12:57:28,1,176.974,EURJPY,[sl 176.974]
2025-11-06 13:36:00,0.52637,0.52638,0.52629,0.52631,61,1,0,1066554321,2025-11-06 13:35:19,1,0.52632,AUDCHF,[sl 0.52632]
2025-11-06 13:37:00,0.52631,0.52643,0.5263,0.52642,50,1,0,1066554321,2025-11-06 13:35:19,1,0.52632,AUDCHF,[sl 0.52632]
2025-11-06 13:38:00,0.52642,0.52644,0.52633,0.52633,38,1,0,1066554321,2025-11-06 13:35:19,1,0.52632,AUDCHF,[sl 0.52632]
2025-11-06 13:39:00,0.52633,0.52634,0.52622,0.52623,58,1,0,1066554321,2025-11-06 13:35:19,1,0.52632,AUDCHF,[sl 0.52632]
2025-11-06 13:40:00,0.52623,0.52626,0.52618,0.5262,44,1,0,1066554321,2025-11-06 13:35:19,1,0.52632,AUDCHF,[sl 0.52632]
2025-11-06 13:41:00,0.5262,0.52629,0.52618,0.52627,65,1,0,1066554321,2025-11-06 13:35:19,1,0.52632,AUDCHF,[sl 0.52632]
2025-11-06 13:42:00,0.52627,0.52631,0.52627,0.52629,57,1,0,1066554321,2025-11-06 13:35:19,1,0.52632,AUDCHF,[sl 0.52632]
2025-11-06 13:43:00,0.52629,0.52632,0.52627,0.52629,52,1,0,1066554321,2025-11-06 13:35:19,1,0.52632,AUDCHF,[sl 0.52632]
2025-11-06 13:44:00,0.52629,0.52631,0.52624,0.52627,66,1,0,1066554321,2025-11-06 13:35:19,1,0.52632,AUDCHF,[sl 0.52632]
2025-11-06 13:45:00,0.52627,0.52633,0.52625,0.5263,48,1,0,1066554321,2025-11-06 13:35:19,1,0.52632,AUDCHF,[sl 0.52632]
2025-11-06 14:01:00,2.31005,2.31056,2.3089,2.31029,305,2,0,1066587972,2025-11-06 14:00:10,1,2.31211,GBPNZD,[sl 2.31211]
2025-11-06 14:02:00,2.31029,2.31201,2.30982,2.3113,303,2,0,1066587972,2025-11-06 14:00:10,1,2.31211,GBPNZD,[sl 2.31211]
2025-11-06 14:03:00,2.3113,2.3113799999999998,2.30889,2.30892,301,2,0,1066587972,2025-11-06 14:00:10,1,2.31211,GBPNZD,[sl 2.31211]
2025-11-06 14:04:00,2.3089399999999998,2.30989,2.30866,2.30869,233,2,0,1066587972,2025-11-06 14:00:10,1,2.31211,GBPNZD,[sl 2.31211]
2025-11-06 14:05:00,2.30869,2.30891,2.30812,2.30891,195,2,0,1066587972,2025-11-06 14:00:10,1,2.31211,GBPNZD,[sl 2.31211]
2025-11-06 14:06:00,2.30886,2.3092,2.30838,2.30905,171,2,0,1066587972,2025-11-06 14:00:10,1,2.31211,GBPNZD,[sl 2.31211]
2025-11-06 14:07:00,2.30905,2.30934,2.30834,2.30928,160,2,0,1066587972,2025-11-06 14:00:10,1,2.31211,GBPNZD,[sl 2.31211]
2025-11-06 14:08:00,2.30928,2.30951,2.30916,2.30923,171,2,0,1066587972,2025-11-06 14:00:10,1,2.31211,GBPNZD,[sl 2.31211]
2025-11-06 14:09:00,2.30925,2.30927,2.30849,2.30869,144,2,0,1066587972,2025-11-06 14:00:10,1,2.31211,GBPNZD,[sl 2.31211]
2025-11-06 14:10:00,2.30869,2.30877,2.3082,2.30859,107,2,0,1066587972,2025-11-06 14:00:10,1,2.31211,GBPNZD,[sl 2.31211]
2025-11-06 14:01:00,0.88118,0.88165,0.88092,0.88101,212,0,0,1066588258,2025-11-06 14:00:17,1,0.88024,EURGBP,[sl 0.88024]
2025-11-06 14:02:00,0.88101,0.88117,0.88028,0.88068,227,1,0,1066588258,2025-11-06 14:00:17,1,0.88024,EURGBP,[sl 0.88024]
2025-11-06 14:03:00,0.88067,0.88158,0.88067,0.88152,193,0,0,1066588258,2025-11-06 14:00:17,1,0.88024,EURGBP,[sl 0.88024]
2025-11-06 14:04:00,0.88151,0.88166,0.88126,0.88166,129,0,0,1066588258,2025-11-06 14:00:17,1,0.88024,EURGBP,[sl 0.88024]
2025-11-06 14:05:00,0.88166,0.88181,0.88159,0.88159,128,0,0,1066588258,2025-11-06 14:00:17,1,0.88024,EURGBP,[sl 0.88024]
2025-11-06 14:06:00,0.88157,0.88165,0.88129,0.88144,113,0,0,1066588258,2025-11-06 14:00:17,1,0.88024,EURGBP,[sl 0.88024]
2025-11-06 14:07:00,0.88144,0.88165,0.88135,0.88138,106,0,0,1066588258,2025-11-06 14:00:17,1,0.88024,EURGBP,[sl 0.88024]
2025-11-06 14:08:00,0.88138,0.88151,0.88135,0.8814,111,0,0,1066588258,2025-11-06 14:00:17,1,0.88024,EURGBP,[sl 0.88024]
2025-11-06 14:09:00,0.8814,0.88172,0.88139,0.88167,73,0,0,1066588258,2025-11-06 14:00:17,1,0.88024,EURGBP,[sl 0.88024]
2025-11-06 14:10:00,0.88167,0.88179,0.88167,0.88171,60,0,0,1066588258,2025-11-06 14:00:17,1,0.88024,EURGBP,[sl 0.88024]
2025-11-06 14:01:00,2.00846,2.00873,2.00741,2.00846,266,1,0,1066588331,2025-11-06 14:00:17,1,2.01032,GBPAUD,[sl 2.01032]
2025-11-06 14:02:00,2.00847,2.01004,2.00803,2.00925,246,1,0,1066588331,2025-11-06 14:00:17,1,2.01032,GBPAUD,[sl 2.01032]
2025-11-06 14:03:00,2.00924,2.00933,2.0072,2.00726,266,1,0,1066588331,2025-11-06 14:00:17,1,2.01032,GBPAUD,[sl 2.01032]
2025-11-06 14:04:00,2.00729,2.00804,2.00701,2.00701,219,1,0,1066588331,2025-11-06 14:00:17,1,2.01032,GBPAUD,[sl 2.01032]
2025-11-06 14:05:00,2.00701,2.00701,2.00646,2.00692,179,1,0,1066588331,2025-11-06 14:00:17,1,2.01032,GBPAUD,[sl 2.01032]
2025-11-06 14:06:00,2.007,2.00736,2.00664,2.00707,150,1,0,1066588331,2025-11-06 14:00:17,1,2.01032,GBPAUD,[sl 2.01032]
2025-11-06 14:07:00,2.00706,2.00756,2.00656,2.00749,135,1,0,1066588331,2025-11-06 14:00:17,1,2.01032,GBPAUD,[sl 2.01032]
2025-11-06 14:08:00,2.00749,2.0077,2.00738,2.00744,149,1,0,1066588331,2025-11-06 14:00:17,1,2.01032,GBPAUD,[sl 2.01032]
2025-11-06 14:09:00,2.00746,2.00746,2.0069,2.00705,127,1,0,1066588331,2025-11-06 14:00:17,1,2.01032,GBPAUD,[sl 2.01032]
2025-11-06 14:10:00,2.00705,2.00709,2.00666,2.00693,109,1,0,1066588331,2025-11-06 14:00:17,1,2.01032,GBPAUD,[sl 2.01032]
2025-11-06 14:01:00,200.803,200.829,200.678,200.803,262,5,0,1066588374,2025-11-06 14:00:17,1,201.012,GBPJPY,[sl 201.012]
2025-11-06 14:02:00,200.804,200.971,200.767,200.886,242,6,0,1066588374,2025-11-06 14:00:17,1,201.012,GBPJPY,[sl 201.012]
2025-11-06 14:03:00,200.89,200.895,200.697,200.701,238,5,0,1066588374,2025-11-06 14:00:17,1,201.012,GBPJPY,[sl 201.012]
2025-11-06 14:04:00,200.704,200.784,200.669,200.712,213,4,0,1066588374,2025-11-06 14:00:17,1,201.012,GBPJPY,[sl 201.012]
2025-11-06 14:05:00,200.715,200.734,200.647,200.734,202,4,0,1066588374,2025-11-06 14:00:17,1,201.012,GBPJPY,[sl 201.012]
2025-11-06 14:06:00,200.739,200.81,200.72,200.801,169,4,0,1066588374,2025-11-06 14:00:17,1,201.012,GBPJPY,[sl 201.012]
2025-11-06 14:07:00,200.8,200.818,200.743,200.813,155,4,0,1066588374,2025-11-06 14:00:17,1,201.012,GBPJPY,[sl 201.012]
2025-11-06 14:08:00,200.811,200.841,200.8,200.8,166,4,0,1066588374,2025-11-06 14:00:17,1,201.012,GBPJPY,[sl 201.012]
2025-11-06 14:09:00,200.801,200.801,200.728,200.745,140,4,0,1066588374,2025-11-06 14:00:17,1,201.012,GBPJPY,[sl 201.012]
2025-11-06 14:10:00,200.748,200.756,200.703,200.745,103,4,0,1066588374,2025-11-06 14:00:17,1,201.012,GBPJPY,[sl 201.012]
2025-11-06 14:01:00,1.8425099999999999,1.84284,1.8415,1.84277,294,1,0,1066588439,2025-11-06 14:00:17,1,1.84399,GBPCAD,[sl 1.84399]
2025-11-06 14:02:00,1.84277,1.84417,1.84231,1.84334,290,1,0,1066588439,2025-11-06 14:00:17,1,1.84399,GBPCAD,[sl 1.84399]
2025-11-06 14:03:00,1.84334,1.84337,1.84139,1.84145,281,1,0,1066588439,2025-11-06 14:00:17,1,1.84399,GBPCAD,[sl 1.84399]
2025-11-06 14:04:00,1.84146,1.84214,1.84125,1.84128,230,1,0,1066588439,2025-11-06 14:00:17,1,1.84399,GBPCAD,[sl 1.84399]
2025-11-06 14:05:00,1.8412899999999999,1.84168,1.84093,1.84168,189,2,0,1066588439,2025-11-06 14:00:17,1,1.84399,GBPCAD,[sl 1.84399]
2025-11-06 14:06:00,1.84164,1.84226,1.84141,1.8420100000000001,158,1,0,1066588439,2025-11-06 14:00:17,1,1.84399,GBPCAD,[sl 1.84399]
2025-11-06 14:07:00,1.8420100000000001,1.84234,1.8415,1.84229,149,1,0,1066588439,2025-11-06 14:00:17,1,1.84399,GBPCAD,[sl 1.84399]
2025-11-06 14:08:00,1.84229,1.84256,1.84214,1.84223,149,1,0,1066588439,2025-11-06 14:00:17,1,1.84399,GBPCAD,[sl 1.84399]
2025-11-06 14:09:00,1.8422399999999999,1.84226,1.8416000000000001,1.84171,122,1,0,1066588439,2025-11-06 14:00:17,1,1.84399,GBPCAD,[sl 1.84399]
2025-11-06 14:10:00,1.84171,1.84177,1.8414199999999998,1.84164,107,1,0,1066588439,2025-11-06 14:00:17,1,1.84399,GBPCAD,[sl 1.84399]
2025-11-06 14:03:00,1.7695400000000001,1.76966,1.76939,1.76949,158,1,0,1066594443,2025-11-06 14:02:23,1,1.76928,EURAUD,[sl 1.76928]
2025-11-06 14:04:00,1.76949,1.76966,1.7694299999999998,1.76952,140,1,0,1066594443,2025-11-06 14:02:23,1,1.76928,EURAUD,[sl 1.76928]
2025-11-06 14:05:00,1.76952,1.76952,1.76928,1.76931,117,1,0,1066594443,2025-11-06 14:02:23,1,1.76928,EURAUD,[sl 1.76928]
2025-11-06 14:06:00,1.7692999999999999,1.76932,1.7689300000000001,1.7691599999999998,102,1,0,1066594443,2025-11-06 14:02:23,1,1.76928,EURAUD,[sl 1.76928]
2025-11-06 14:07:00,1.76915,1.76947,1.76904,1.76938,100,1,0,1066594443,2025-11-06 14:02:23,1,1.76928,EURAUD,[sl 1.76928]
2025-11-06 14:08:00,1.76938,1.76966,1.76936,1.76939,112,1,0,1066594443,2025-11-06 14:02:23,1,1.76928,EURAUD,[sl 1.76928]
2025-11-06 14:09:00,1.76939,1.7696800000000001,1.76931,1.7696100000000001,102,1,0,1066594443,2025-11-06 14:02:23,1,1.76928,EURAUD,[sl 1.76928]
2025-11-06 14:10:00,1.76962,1.76965,1.7694800000000002,1.76955,76,1,0,1066594443,2025-11-06 14:02:23,1,1.76928,EURAUD,[sl 1.76928]
2025-11-06 14:11:00,1.7695699999999999,1.7696399999999999,1.7693699999999999,1.7694299999999998,80,1,0,1066594443,2025-11-06 14:02:23,1,1.76928,EURAUD,[sl 1.76928]
2025-11-06 14:12:00,1.7694299999999998,1.76955,1.76939,1.76947,67,1,0,1066594443,2025-11-06 14:02:23,1,1.76928,EURAUD,[sl 1.76928]
2025-11-06 14:06:00,0.9176,0.91777,0.91758,0.91775,64,1,0,1066601580,2025-11-06 14:05:33,1,0.9177,AUDCAD,[sl 0.91770]
2025-11-06 14:07:00,0.91775,0.91777,0.91762,0.9177,71,1,0,1066601580,2025-11-06 14:05:33,1,0.9177,AUDCAD,[sl 0.91770]
2025-11-06 14:08:00,0.9177,0.91776,0.91762,0.9177,77,1,0,1066601580,2025-11-06 14:05:33,1,0.9177,AUDCAD,[sl 0.91770]
2025-11-06 14:09:00,0.9177,0.9177,0.91757,0.9176,67,1,0,1066601580,2025-11-06 14:05:33,1,0.9177,AUDCAD,[sl 0.91770]
2025-11-06 14:10:00,0.9176,0.91767,0.9176,0.91762,67,1,0,1066601580,2025-11-06 14:05:33,1,0.9177,AUDCAD,[sl 0.91770]
2025-11-06 14:11:00,0.91762,0.91774,0.91759,0.91773,42,1,0,1066601580,2025-11-06 14:05:33,1,0.9177,AUDCAD,[sl 0.91770]
2025-11-06 14:12:00,0.91773,0.91773,0.91767,0.91771,50,1,0,1066601580,2025-11-06 14:05:33,1,0.9177,AUDCAD,[sl 0.91770]
2025-11-06 14:13:00,0.91771,0.91802,0.91771,0.91801,77,1,0,1066601580,2025-11-06 14:05:33,1,0.9177,AUDCAD,[sl 0.91770]
2025-11-06 14:14:00,0.91801,0.91801,0.91782,0.91783,57,1,0,1066601580,2025-11-06 14:05:33,1,0.9177,AUDCAD,[sl 0.91770]
2025-11-06 14:15:00,0.91783,0.91794,0.91783,0.91787,59,1,0,1066601580,2025-11-06 14:05:33,1,0.9177,AUDCAD,[sl 0.91770]
2025-11-06 14:14:00,100.074,100.075,100.054,100.058,95,1,0,1066611517,2025-11-06 14:13:13,1,100.07,AUDJPY,[sl 100.070]
2025-11-06 14:15:00,100.058,100.071,100.052,100.055,95,1,0,1066611517,2025-11-06 14:13:13,1,100.07,AUDJPY,[sl 100.070]
2025-11-06 14:16:00,100.055,100.07,100.055,100.069,86,1,0,1066611517,2025-11-06 14:13:13,1,100.07,AUDJPY,[sl 100.070]
2025-11-06 14:17:00,100.067,100.072,100.059,100.066,73,1,0,1066611517,2025-11-06 14:13:13,1,100.07,AUDJPY,[sl 100.070]
2025-11-06 14:18:00,100.066,100.073,100.063,100.073,73,1,0,1066611517,2025-11-06 14:13:13,1,100.07,AUDJPY,[sl 100.070]
2025-11-06 14:19:00,100.072,100.084,100.068,100.084,106,1,0,1066611517,2025-11-06 14:13:13,1,100.07,AUDJPY,[sl 100.070]
2025-11-06 14:20:00,100.084,100.084,100.071,100.08,80,1,0,1066611517,2025-11-06 14:13:13,1,100.07,AUDJPY,[sl 100.070]
2025-11-06 14:21:00,100.08,100.085,100.073,100.082,94,1,0,1066611517,2025-11-06 14:13:13,1,100.07,AUDJPY,[sl 100.070]
2025-11-06 14:22:00,100.082,100.094,100.08,100.091,75,1,0,1066611517,2025-11-06 14:13:13,1,100.07,AUDJPY,[sl 100.070]
2025-11-06 14:23:00,100.091,100.105,100.086,100.1,85,1,0,1066611517,2025-11-06 14:13:13,1,100.07,AUDJPY,[sl 100.070]
2025-11-06 14:23:00,0.52664,0.52665,0.52655,0.52659,55,1,0,1066620378,2025-11-06 14:22:02,1,0.52663,AUDCHF,[sl 0.52663]
2025-11-06 14:24:00,0.52659,0.5266,0.52652,0.52654,41,1,0,1066620378,2025-11-06 14:22:02,1,0.52663,AUDCHF,[sl 0.52663]
2025-11-06 14:25:00,0.52654,0.52654,0.52647,0.5265,61,1,0,1066620378,2025-11-06 14:22:02,1,0.52663,AUDCHF,[sl 0.52663]
2025-11-06 14:26:00,0.5265,0.52652,0.52642,0.52644,46,1,0,1066620378,2025-11-06 14:22:02,1,0.52663,AUDCHF,[sl 0.52663]
2025-11-06 14:27:00,0.52644,0.52648,0.52635,0.52638,42,1,0,1066620378,2025-11-06 14:22:02,1,0.52663,AUDCHF,[sl 0.52663]
2025-11-06 14:28:00,0.5264,0.52643,0.52638,0.52641,42,1,0,1066620378,2025-11-06 14:22:02,1,0.52663,AUDCHF,[sl 0.52663]
2025-11-06 14:29:00,0.52641,0.52648,0.52641,0.52647,41,1,0,1066620378,2025-11-06 14:22:02,1,0.52663,AUDCHF,[sl 0.52663]
2025-11-06 14:30:00,0.52647,0.5265,0.52643,0.52647,54,1,0,1066620378,2025-11-06 14:22:02,1,0.52663,AUDCHF,[sl 0.52663]
2025-11-06 14:31:00,0.52648,0.52649,0.52642,0.52648,45,1,0,1066620378,2025-11-06 14:22:02,1,0.52663,AUDCHF,[sl 0.52663]
2025-11-06 14:32:00,0.52648,0.52654,0.52648,0.52651,52,1,0,1066620378,2025-11-06 14:22:02,1,0.52663,AUDCHF,[sl 0.52663]
2025-11-06 14:23:00,0.45772,0.45776,0.45771,0.45775,37,1,0,1066621947,2025-11-06 14:23:00,1,0.45783,NZDCHF,[sl 0.45783]
2025-11-06 14:24:00,0.45775,0.45778,0.45769,0.45771,40,1,0,1066621947,2025-11-06 14:23:00,1,0.45783,NZDCHF,[sl 0.45783]
2025-11-06 14:25:00,0.45771,0.45771,0.45764,0.45765,47,1,0,1066621947,2025-11-06 14:23:00,1,0.45783,NZDCHF,[sl 0.45783]
2025-11-06 14:26:00,0.45765,0.45768,0.4576,0.45761,31,1,0,1066621947,2025-11-06 14:23:00,1,0.45783,NZDCHF,[sl 0.45783]
2025-11-06 14:27:00,0.45761,0.45765,0.45758,0.4576,33,1,0,1066621947,2025-11-06 14:23:00,1,0.45783,NZDCHF,[sl 0.45783]
2025-11-06 14:28:00,0.45761,0.45767,0.4576,0.45764,39,1,0,1066621947,2025-11-06 14:23:00,1,0.45783,NZDCHF,[sl 0.45783]
2025-11-06 14:29:00,0.45764,0.45769,0.45764,0.45768,30,1,0,1066621947,2025-11-06 14:23:00,1,0.45783,NZDCHF,[sl 0.45783]
2025-11-06 14:30:00,0.45768,0.45769,0.45758,0.45765,55,1,0,1066621947,2025-11-06 14:23:00,1,0.45783,NZDCHF,[sl 0.45783]
2025-11-06 14:31:00,0.45765,0.45769,0.45763,0.45768,45,1,0,1066621947,2025-11-06 14:23:00,1,0.45783,NZDCHF,[sl 0.45783]
2025-11-06 14:32:00,0.45768,0.45773,0.45768,0.4577,43,1,0,1066621947,2025-11-06 14:23:00,1,0.45783,NZDCHF,[sl 0.45783]
2025-11-06 14:33:00,0.4577,0.45771,0.45768,0.45769,30,1,0,1066621947,2025-11-06 14:23:00,1,0.45783,NZDCHF,[sl 0.45783]
2025-11-06 14:24:00,87.016,87.021,87.003,87.005,57,1,0,1066622417,2025-11-06 14:23:31,1,87.013,NZDJPY,[sl 87.013]
2025-11-06 14:25:00,87.005,87.005,86.99,86.999,86,1,0,1066622417,2025-11-06 14:23:31,1,87.013,NZDJPY,[sl 87.013]
2025-11-06 14:26:00,86.999,87.007,86.99,86.992,61,1,0,1066622417,2025-11-06 14:23:31,1,87.013,NZDJPY,[sl 87.013]
2025-11-06 14:27:00,86.992,87.001,86.984,86.995,81,1,0,1066622417,2025-11-06 14:23:31,1,87.013,NZDJPY,[sl 87.013]
2025-11-06 14:28:00,86.997,87.006,86.99,86.997,78,1,0,1066622417,2025-11-06 14:23:31,1,87.013,NZDJPY,[sl 87.013]
2025-11-06 14:29:00,86.997,87.006,86.994,87.005,79,1,0,1066622417,2025-11-06 14:23:31,1,87.013,NZDJPY,[sl 87.013]
2025-11-06 14:30:00,87.005,87.009,86.991,86.999,99,1,0,1066622417,2025-11-06 14:23:31,1,87.013,NZDJPY,[sl 87.013]
2025-11-06 14:31:00,86.999,87.003,86.993,86.994,52,1,0,1066622417,2025-11-06 14:23:31,1,87.013,NZDJPY,[sl 87.013]
2025-11-06 14:32:00,86.994,86.995,86.984,86.986,97,1,0,1066622417,2025-11-06 14:23:31,1,87.013,NZDJPY,[sl 87.013]
2025-11-06 14:33:00,86.986,86.991,86.981,86.988,80,1,0,1066622417,2025-11-06 14:23:31,1,87.013,NZDJPY,[sl 87.013]
2025-11-06 14:24:00,2.0348,2.03503,2.03471,2.035,43,2,0,1066622491,2025-11-06 14:23:36,1,2.03471,EURNZD,[sl 2.03471]
2025-11-06 14:25:00,2.035,2.03523,2.03496,2.03515,78,2,0,1066622491,2025-11-06 14:23:36,1,2.03471,EURNZD,[sl 2.03471]
2025-11-06 14:26:00,2.03519,2.03543,2.03516,2.03543,38,2,0,1066622491,2025-11-06 14:23:36,1,2.03471,EURNZD,[sl 2.03471]
2025-11-06 14:27:00,2.03541,2.0355,2.0352,2.03548,52,2,0,1066622491,2025-11-06 14:23:36,1,2.03471,EURNZD,[sl 2.03471]
2025-11-06 14:28:00,2.03548,2.03554,2.03534,2.03545,54,2,0,1066622491,2025-11-06 14:23:36,1,2.03471,EURNZD,[sl 2.03471]
2025-11-06 14:29:00,2.03545,2.03545,2.03516,2.0352,74,2,0,1066622491,2025-11-06 14:23:36,1,2.03471,EURNZD,[sl 2.03471]
2025-11-06 14:30:00,2.03518,2.03575,2.03518,2.03538,71,2,0,1066622491,2025-11-06 14:23:36,1,2.03471,EURNZD,[sl 2.03471]
2025-11-06 14:31:00,2.03538,2.03551,2.03533,2.03542,63,2,0,1066622491,2025-11-06 14:23:36,1,2.03471,EURNZD,[sl 2.03471]
2025-11-06 14:32:00,2.03542,2.03545,2.03519,2.03543,54,2,0,1066622491,2025-11-06 14:23:36,1,2.03471,EURNZD,[sl 2.03471]
2025-11-06 14:33:00,2.03543,2.03554,2.03529,2.03532,39,2,0,1066622491,2025-11-06 14:23:36,1,2.03471,EURNZD,[sl 2.03471]
2025-11-06 14:27:00,177.07,177.088,177.062,177.088,86,0,0,1066625195,2025-11-06 14:26:04,1,177.077,EURJPY,[sl 177.077]
2025-11-06 14:28:00,177.087,177.092,177.08,177.082,75,0,0,1066625195,2025-11-06 14:26:04,1,177.077,EURJPY,[sl 177.077]
2025-11-06 14:29:00,177.083,177.083,177.07,177.075,93,0,0,1066625195,2025-11-06 14:26:04,1,177.077,EURJPY,[sl 177.077]
2025-11-06 14:30:00,177.075,177.106,177.075,177.095,89,0,0,1066625195,2025-11-06 14:26:04,1,177.077,EURJPY,[sl 177.077]
2025-11-06 14:31:00,177.096,177.096,177.07,177.071,85,0,0,1066625195,2025-11-06 14:26:04,1,177.077,EURJPY,[sl 177.077]
2025-11-06 14:32:00,177.071,177.072,177.052,177.057,94,0,0,1066625195,2025-11-06 14:26:04,1,177.077,EURJPY,[sl 177.077]
2025-11-06 14:33:00,177.056,177.067,177.053,177.067,52,0,0,1066625195,2025-11-06 14:26:04,1,177.077,EURJPY,[sl 177.077]
2025-11-06 14:34:00,177.066,177.09,177.065,177.082,113,0,0,1066625195,2025-11-06 14:26:04,1,177.077,EURJPY,[sl 177.077]
2025-11-06 14:35:00,177.082,177.125,177.08,177.113,130,0,0,1066625195,2025-11-06 14:26:04,1,177.077,EURJPY,[sl 177.077]
2025-11-06 14:36:00,177.112,177.119,177.102,177.116,118,0,0,1066625195,2025-11-06 14:26:04,1,177.077,EURJPY,[sl 177.077]
2025-11-06 14:29:00,0.93152,0.93155,0.93149,0.9315,37,1,0,1066627159,2025-11-06 14:28:07,1,0.93159,EURCHF,[sl 0.93159]
2025-11-06 14:30:00,0.93149,0.9316,0.93149,0.93159,44,1,0,1066627159,2025-11-06 14:28:07,1,0.93159,EURCHF,[sl 0.93159]
2025-11-06 14:31:00,0.93159,0.9316,0.93154,0.93159,19,1,0,1066627159,2025-11-06 14:28:07,1,0.93159,EURCHF,[sl 0.93159]
2025-11-06 14:32:00,0.93159,0.93164,0.93159,0.93163,30,1,0,1066627159,2025-11-06 14:28:07,1,0.93159,EURCHF,[sl 0.93159]
2025-11-06 14:33:00,0.93163,0.93166,0.93162,0.93164,24,1,0,1066627159,2025-11-06 14:28:07,1,0.93159,EURCHF,[sl 0.93159]
2025-11-06 14:34:00,0.93163,0.93169,0.93162,0.93166,49,1,0,1066627159,2025-11-06 14:28:07,1,0.93159,EURCHF,[sl 0.93159]
2025-11-06 14:35:00,0.93166,0.93174,0.93165,0.93166,39,1,0,1066627159,2025-11-06 14:28:07,1,0.93159,EURCHF,[sl 0.93159]
2025-11-06 14:36:00,0.93165,0.93182,0.93165,0.93181,46,1,0,1066627159,2025-11-06 14:28:07,1,0.93159,EURCHF,[sl 0.93159]
2025-11-06 14:37:00,0.9318,0.93182,0.9317,0.93173,46,1,0,1066627159,2025-11-06 14:28:07,1,0.93159,EURCHF,[sl 0.93159]
2025-11-06 14:38:00,0.93172,0.93175,0.93164,0.93175,49,1,0,1066627159,2025-11-06 14:28:07,1,0.93159,EURCHF,[sl 0.93159]
2025-11-06 14:31:00,153.733,153.736,153.722,153.723,42,0,0,1066628809,2025-11-06 14:30:16,1,153.737,USDJPY,[sl 153.737]
2025-11-06 14:32:00,153.723,153.723,153.694,153.698,89,0,0,1066628809,2025-11-06 14:30:16,1,153.737,USDJPY,[sl 153.737]
2025-11-06 14:33:00,153.698,153.698,153.692,153.696,78,0,0,1066628809,2025-11-06 14:30:16,1,153.737,USDJPY,[sl 153.737]
2025-11-06 14:34:00,153.696,153.712,153.693,153.71,71,0,0,1066628809,2025-11-06 14:30:16,1,153.737,USDJPY,[sl 153.737]
2025-11-06 14:35:00,153.711,153.711,153.692,153.698,80,0,0,1066628809,2025-11-06 14:30:16,1,153.737,USDJPY,[sl 153.737]
2025-11-06 14:36:00,153.697,153.699,153.678,153.685,79,0,0,1066628809,2025-11-06 14:30:16,1,153.737,USDJPY,[sl 153.737]
2025-11-06 14:37:00,153.684,153.685,153.658,153.658,81,0,0,1066628809,2025-11-06 14:30:16,1,153.737,USDJPY,[sl 153.737]
2025-11-06 14:38:00,153.658,153.664,153.656,153.661,98,0,0,1066628809,2025-11-06 14:30:16,1,153.737,USDJPY,[sl 153.737]
2025-11-06 14:39:00,153.661,153.669,153.66,153.664,65,0,0,1066628809,2025-11-06 14:30:16,1,153.737,USDJPY,[sl 153.737]
2025-11-06 14:40:00,153.664,153.665,153.658,153.66,73,0,0,1066628809,2025-11-06 14:30:16,1,153.737,USDJPY,[sl 153.737]
2025-11-06 14:39:00,1.84443,1.84458,1.84403,1.84422,97,1,0,1066638595,2025-11-06 14:38:11,1,1.84444,GBPCAD,[sl 1.84444]
2025-11-06 14:40:00,1.84422,1.84426,1.84386,1.84398,72,1,0,1066638595,2025-11-06 14:38:11,1,1.84444,GBPCAD,[sl 1.84444]
2025-11-06 14:41:00,1.84398,1.84398,1.84356,1.8439100000000002,114,1,0,1066638595,2025-11-06 14:38:11,1,1.84444,GBPCAD,[sl 1.84444]
2025-11-06 14:42:00,1.8439100000000002,1.84455,1.84386,1.84436,112,1,0,1066638595,2025-11-06 14:38:11,1,1.84444,GBPCAD,[sl 1.84444]
2025-11-06 14:43:00,1.84436,1.84449,1.84402,1.84408,89,1,0,1066638595,2025-11-06 14:38:11,1,1.84444,GBPCAD,[sl 1.84444]
2025-11-06 14:44:00,1.84408,1.84409,1.84372,1.84402,131,1,0,1066638595,2025-11-06 14:38:11,1,1.84444,GBPCAD,[sl 1.84444]
2025-11-06 14:45:00,1.8440400000000001,1.84496,1.84402,1.8448,149,1,0,1066638595,2025-11-06 14:38:11,1,1.84444,GBPCAD,[sl 1.84444]
2025-11-06 14:46:00,1.8448,1.8449200000000001,1.84456,1.8446099999999999,92,1,0,1066638595,2025-11-06 14:38:11,1,1.84444,GBPCAD,[sl 1.84444]
2025-11-06 14:47:00,1.8446099999999999,1.8446099999999999,1.84439,1.84457,68,1,0,1066638595,2025-11-06 14:38:11,1,1.84444,GBPCAD,[sl 1.84444]
2025-11-06 14:48:00,1.84457,1.84494,1.84457,1.8449,61,1,0,1066638595,2025-11-06 14:38:11,1,1.84444,GBPCAD,[sl 1.84444]
2025-11-06 14:46:00,0.91807,0.91812,0.91806,0.91809,31,1,0,1066648547,2025-11-06 14:45:15,1,0.91814,AUDCAD,[sl 0.91814]
2025-11-06 14:47:00,0.91809,0.91814,0.91809,0.91814,3,1,0,1066648547,2025-11-06 14:45:15,1,0.91814,AUDCAD,[sl 0.91814]
2025-11-06 14:48:00,0.91814,0.9182,0.91813,0.91818,28,1,0,1066648547,2025-11-06 14:45:15,1,0.91814,AUDCAD,[sl 0.91814]
2025-11-06 14:49:00,0.91818,0.91818,0.91807,0.91807,34,1,0,1066648547,2025-11-06 14:45:15,1,0.91814,AUDCAD,[sl 0.91814]
2025-11-06 14:50:00,0.91808,0.91813,0.91803,0.91804,38,1,0,1066648547,2025-11-06 14:45:15,1,0.91814,AUDCAD,[sl 0.91814]
2025-11-06 14:51:00,0.91804,0.91807,0.91797,0.91805,60,1,0,1066648547,2025-11-06 14:45:15,1,0.91814,AUDCAD,[sl 0.91814]
2025-11-06 14:52:00,0.91805,0.91812,0.91801,0.91804,74,1,0,1066648547,2025-11-06 14:45:15,1,0.91814,AUDCAD,[sl 0.91814]
2025-11-06 14:53:00,0.91804,0.91814,0.91794,0.91813,84,1,0,1066648547,2025-11-06 14:45:15,1,0.91814,AUDCAD,[sl 0.91814]
2025-11-06 14:54:00,0.91813,0.91816,0.91807,0.91808,59,1,0,1066648547,2025-11-06 14:45:15,1,0.91814,AUDCAD,[sl 0.91814]
2025-11-06 14:55:00,0.91808,0.91813,0.91802,0.9181,64,1,0,1066648547,2025-11-06 14:45:15,1,0.91814,AUDCAD,[sl 0.91814]
2025-11-06 14:46:00,1.05826,1.0582799999999999,1.05809,1.0581,88,1,0,1066648666,2025-11-06 14:45:16,1,1.05824,GBPCHF,[sl 1.05824]
2025-11-06 14:47:00,1.0581,1.0581,1.05799,1.05804,57,1,0,1066648666,2025-11-06 14:45:16,1,1.05824,GBPCHF,[sl 1.05824]
2025-11-06 14:48:00,1.05804,1.05817,1.05804,1.05814,44,1,0,1066648666,2025-11-06 14:45:16,1,1.05824,GBPCHF,[sl 1.05824]
2025-11-06 14:49:00,1.05814,1.05843,1.05813,1.05833,81,1,0,1066648666,2025-11-06 14:45:16,1,1.05824,GBPCHF,[sl 1.05824]
2025-11-06 14:50:00,1.05833,1.05838,1.05818,1.05831,91,1,0,1066648666,2025-11-06 14:45:16,1,1.05824,GBPCHF,[sl 1.05824]
2025-11-06 14:51:00,1.05831,1.05844,1.05818,1.05843,117,1,0,1066648666,2025-11-06 14:45:16,1,1.05824,GBPCHF,[sl 1.05824]
2025-11-06 14:52:00,1.05842,1.05868,1.0584,1.05853,132,1,0,1066648666,2025-11-06 14:45:16,1,1.05824,GBPCHF,[sl 1.05824]
2025-11-06 14:53:00,1.05853,1.05862,1.05839,1.05852,137,1,0,1066648666,2025-11-06 14:45:16,1,1.05824,GBPCHF,[sl 1.05824]
2025-11-06 14:54:00,1.05852,1.05857,1.05843,1.05851,108,1,0,1066648666,2025-11-06 14:45:16,1,1.05824,GBPCHF,[sl 1.05824]
2025-11-06 14:55:00,1.05851,1.05871,1.05851,1.05868,113,1,0,1066648666,2025-11-06 14:45:16,1,1.05824,GBPCHF,[sl 1.05824]
2025-11-06 14:53:00,0.88039,0.88052,0.88033,0.8804,83,0,0,1066657519,2025-11-06 14:52:04,1,0.88033,EURGBP,[sl 0.88033]
2025-11-06 14:54:00,0.8804,0.88043,0.88034,0.88036,71,0,0,1066657519,2025-11-06 14:52:04,1,0.88033,EURGBP,[sl 0.88033]
2025-11-06 14:55:00,0.88036,0.88038,0.88032,0.88033,76,0,0,1066657519,2025-11-06 14:52:04,1,0.88033,EURGBP,[sl 0.88033]
2025-11-06 14:56:00,0.88033,0.88034,0.88021,0.88027,70,0,0,1066657519,2025-11-06 14:52:04,1,0.88033,EURGBP,[sl 0.88033]
2025-11-06 14:57:00,0.88028,0.88028,0.88,0.88014,109,0,0,1066657519,2025-11-06 14:52:04,1,0.88033,EURGBP,[sl 0.88033]
2025-11-06 14:58:00,0.88014,0.88022,0.88011,0.8802,110,0,0,1066657519,2025-11-06 14:52:04,1,0.88033,EURGBP,[sl 0.88033]
2025-11-06 14:59:00,0.8802,0.88027,0.88018,0.88019,96,0,0,1066657519,2025-11-06 14:52:04,1,0.88033,EURGBP,[sl 0.88033]
2025-11-06 15:00:00,0.8802,0.8803,0.88018,0.88025,100,0,0,1066657519,2025-11-06 14:52:04,1,0.88033,EURGBP,[sl 0.88033]
2025-11-06 15:01:00,0.88025,0.88039,0.88023,0.88033,78,0,0,1066657519,2025-11-06 14:52:04,1,0.88033,EURGBP,[sl 0.88033]
2025-11-06 15:02:00,0.88033,0.88064,0.88031,0.88064,101,0,0,1066657519,2025-11-06 14:52:04,1,0.88033,EURGBP,[sl 0.88033]
2025-11-06 14:53:00,201.2,201.216,201.162,201.176,151,7,0,1066657610,2025-11-06 14:52:05,1,201.195,GBPJPY,[sl 201.195]
2025-11-06 14:54:00,201.178,201.178,201.152,201.167,116,7,0,1066657610,2025-11-06 14:52:05,1,201.195,GBPJPY,[sl 201.195]
2025-11-06 14:55:00,201.167,201.174,201.142,201.171,121,4,0,1066657610,2025-11-06 14:52:05,1,201.195,GBPJPY,[sl 201.195]
2025-11-06 14:56:00,201.171,201.214,201.171,201.204,142,4,0,1066657610,2025-11-06 14:52:05,1,201.195,GBPJPY,[sl 201.195]
2025-11-06 14:57:00,201.201,201.288,201.197,201.262,147,4,0,1066657610,2025-11-06 14:52:05,1,201.195,GBPJPY,[sl 201.195]
2025-11-06 14:58:00,201.262,201.271,201.228,201.232,175,7,0,1066657610,2025-11-06 14:52:05,1,201.195,GBPJPY,[sl 201.195]
2025-11-06 14:59:00,201.234,201.237,201.204,201.228,140,4,0,1066657610,2025-11-06 14:52:05,1,201.195,GBPJPY,[sl 201.195]
2025-11-06 15:00:00,201.227,201.255,201.201,201.208,144,4,0,1066657610,2025-11-06 14:52:05,1,201.195,GBPJPY,[sl 201.195]
2025-11-06 15:01:00,201.208,201.242,201.2,201.241,155,6,0,1066657610,2025-11-06 14:52:05,1,201.195,GBPJPY,[sl 201.195]
2025-11-06 15:02:00,201.241,201.249,201.169,201.174,189,5,0,1066657610,2025-11-06 14:52:05,1,201.195,GBPJPY,[sl 201.195]
2025-11-06 15:55:00,1.15402,1.15409,1.15396,1.1540300000000001,39,0,0,1066751612,2025-11-06 15:54:38,1,1.15404,EURUSD,[sl 1.15404]
2025-11-06 15:56:00,1.1540300000000001,1.15408,1.1538599999999999,1.1538599999999999,33,0,0,1066751612,2025-11-06 15:54:38,1,1.15404,EURUSD,[sl 1.15404]
2025-11-06 15:57:00,1.15387,1.15408,1.1538599999999999,1.15389,60,0,0,1066751612,2025-11-06 15:54:38,1,1.15404,EURUSD,[sl 1.15404]
2025-11-06 15:58:00,1.15388,1.15392,1.15375,1.15377,68,0,0,1066751612,2025-11-06 15:54:38,1,1.15404,EURUSD,[sl 1.15404]
2025-11-06 15:59:00,1.15378,1.15378,1.15348,1.15357,88,0,0,1066751612,2025-11-06 15:54:38,1,1.15404,EURUSD,[sl 1.15404]
2025-11-06 16:00:00,1.15357,1.15362,1.15346,1.15353,74,0,0,1066751612,2025-11-06 15:54:38,1,1.15404,EURUSD,[sl 1.15404]
2025-11-06 16:01:00,1.15353,1.15359,1.1534,1.15348,58,0,0,1066751612,2025-11-06 15:54:38,1,1.15404,EURUSD,[sl 1.15404]
2025-11-06 16:02:00,1.15348,1.15364,1.15348,1.15354,43,0,0,1066751612,2025-11-06 15:54:38,1,1.15404,EURUSD,[sl 1.15404]
2025-11-06 16:03:00,1.15355,1.15363,1.15349,1.1535,48,0,0,1066751612,2025-11-06 15:54:38,1,1.15404,EURUSD,[sl 1.15404]
2025-11-06 16:04:00,1.1535,1.15356,1.15339,1.15341,42,0,0,1066751612,2025-11-06 15:54:38,1,1.15404,EURUSD,[sl 1.15404]
2025-11-06 15:56:00,1.1540300000000001,1.15408,1.1538599999999999,1.1538599999999999,33,0,0,1066752668,2025-11-06 15:55:32,1,1.15394,EURUSD,[sl 1.15394]
2025-11-06 15:57:00,1.15387,1.15408,1.1538599999999999,1.15389,60,0,0,1066752668,2025-11-06 15:55:32,1,1.15394,EURUSD,[sl 1.15394]
2025-11-06 15:58:00,1.15388,1.15392,1.15375,1.15377,68,0,0,1066752668,2025-11-06 15:55:32,1,1.15394,EURUSD,[sl 1.15394]
2025-11-06 15:59:00,1.15378,1.15378,1.15348,1.15357,88,0,0,1066752668,2025-11-06 15:55:32,1,1.15394,EURUSD,[sl 1.15394]
2025-11-06 16:00:00,1.15357,1.15362,1.15346,1.15353,74,0,0,1066752668,2025-11-06 15:55:32,1,1.15394,EURUSD,[sl 1.15394]
2025-11-06 16:01:00,1.15353,1.15359,1.1534,1.15348,58,0,0,1066752668,2025-11-06 15:55:32,1,1.15394,EURUSD,[sl 1.15394]
2025-11-06 16:02:00,1.15348,1.15364,1.15348,1.15354,43,0,0,1066752668,2025-11-06 15:55:32,1,1.15394,EURUSD,[sl 1.15394]
2025-11-06 16:03:00,1.15355,1.15363,1.15349,1.1535,48,0,0,1066752668,2025-11-06 15:55:32,1,1.15394,EURUSD,[sl 1.15394]
2025-11-06 16:04:00,1.1535,1.15356,1.15339,1.15341,42,0,0,1066752668,2025-11-06 15:55:32,1,1.15394,EURUSD,[sl 1.15394]
2025-11-06 16:05:00,1.15341,1.15361,1.1533,1.1535,75,0,0,1066752668,2025-11-06 15:55:32,1,1.15394,EURUSD,[sl 1.15394]
2025-11-06 15:57:00,1.15387,1.15408,1.1538599999999999,1.15389,60,0,0,1066753380,2025-11-06 15:56:01,1,1.1541,EURUSD,[sl 1.15410]
2025-11-06 15:58:00,1.15388,1.15392,1.15375,1.15377,68,0,0,1066753380,2025-11-06 15:56:01,1,1.1541,EURUSD,[sl 1.15410]
2025-11-06 15:59:00,1.15378,1.15378,1.15348,1.15357,88,0,0,1066753380,2025-11-06 15:56:01,1,1.1541,EURUSD,[sl 1.15410]
2025-11-06 16:00:00,1.15357,1.15362,1.15346,1.15353,74,0,0,1066753380,2025-11-06 15:56:01,1,1.1541,EURUSD,[sl 1.15410]
2025-11-06 16:01:00,1.15353,1.15359,1.1534,1.15348,58,0,0,1066753380,2025-11-06 15:56:01,1,1.1541,EURUSD,[sl 1.15410]
2025-11-06 16:02:00,1.15348,1.15364,1.15348,1.15354,43,0,0,1066753380,2025-11-06 15:56:01,1,1.1541,EURUSD,[sl 1.15410]
2025-11-06 16:03:00,1.15355,1.15363,1.15349,1.1535,48,0,0,1066753380,2025-11-06 15:56:01,1,1.1541,EURUSD,[sl 1.15410]
2025-11-06 16:04:00,1.1535,1.15356,1.15339,1.15341,42,0,0,1066753380,2025-11-06 15:56:01,1,1.1541,EURUSD,[sl 1.15410]
2025-11-06 16:05:00,1.15341,1.15361,1.1533,1.1535,75,0,0,1066753380,2025-11-06 15:56:01,1,1.1541,EURUSD,[sl 1.15410]
2025-11-06 16:06:00,1.1535199999999999,1.1536,1.15349,1.15358,40,0,0,1066753380,2025-11-06 15:56:01,1,1.1541,EURUSD,[sl 1.15410]
2025-11-06 15:57:00,0.5665,0.56651,0.5664,0.5664,46,0,0,1066754441,2025-11-06 15:56:57,1,0.56645,NZDUSD,[sl 0.56645]
2025-11-06 15:58:00,0.56638,0.56639,0.56619,0.56625,72,0,0,1066754441,2025-11-06 15:56:57,1,0.56645,NZDUSD,[sl 0.56645]
2025-11-06 15:59:00,0.56625,0.56625,0.56614,0.56614,39,0,0,1066754441,2025-11-06 15:56:57,1,0.56645,NZDUSD,[sl 0.56645]
2025-11-06 16:00:00,0.56615,0.56615,0.56599,0.566,68,0,0,1066754441,2025-11-06 15:56:57,1,0.56645,NZDUSD,[sl 0.56645]
2025-11-06 16:01:00,0.56601,0.56603,0.56595,0.56601,39,0,0,1066754441,2025-11-06 15:56:57,1,0.56645,NZDUSD,[sl 0.56645]
2025-11-06 16:02:00,0.566,0.56614,0.566,0.56614,47,0,0,1066754441,2025-11-06 15:56:57,1,0.56645,NZDUSD,[sl 0.56645]
2025-11-06 16:03:00,0.56614,0.56615,0.56598,0.56601,44,0,0,1066754441,2025-11-06 15:56:57,1,0.56645,NZDUSD,[sl 0.56645]
2025-11-06 16:04:00,0.56601,0.56601,0.56587,0.56587,48,0,0,1066754441,2025-11-06 15:56:57,1,0.56645,NZDUSD,[sl 0.56645]
2025-11-06 16:05:00,0.56587,0.56595,0.56575,0.56579,77,0,0,1066754441,2025-11-06 15:56:57,1,0.56645,NZDUSD,[sl 0.56645]
2025-11-06 16:06:00,0.56581,0.56591,0.56579,0.56581,51,0,0,1066754441,2025-11-06 15:56:57,1,0.56645,NZDUSD,[sl 0.56645]
2025-11-06 15:58:00,0.79822,0.79824,0.79805,0.79811,101,1,0,1066754784,2025-11-06 15:57:10,1,0.79829,NZDCAD,[sl 0.79829]
2025-11-06 15:59:00,0.79811,0.79812,0.79794,0.798,61,1,0,1066754784,2025-11-06 15:57:10,1,0.79829,NZDCAD,[sl 0.79829]
2025-11-06 16:00:00,0.798,0.79802,0.79782,0.79787,103,1,0,1066754784,2025-11-06 15:57:10,1,0.79829,NZDCAD,[sl 0.79829]
2025-11-06 16:01:00,0.79787,0.79791,0.79777,0.79784,68,1,0,1066754784,2025-11-06 15:57:10,1,0.79829,NZDCAD,[sl 0.79829]
2025-11-06 16:02:00,0.79783,0.79797,0.79783,0.79797,78,1,0,1066754784,2025-11-06 15:57:10,1,0.79829,NZDCAD,[sl 0.79829]
2025-11-06 16:03:00,0.79797,0.79798,0.79778,0.79781,62,1,0,1066754784,2025-11-06 15:57:10,1,0.79829,NZDCAD,[sl 0.79829]
2025-11-06 16:04:00,0.79781,0.79782,0.79773,0.79773,77,1,0,1066754784,2025-11-06 15:57:10,1,0.79829,NZDCAD,[sl 0.79829]
2025-11-06 16:05:00,0.79773,0.79792,0.79764,0.79772,136,1,0,1066754784,2025-11-06 15:57:10,1,0.79829,NZDCAD,[sl 0.79829]
2025-11-06 16:06:00,0.79773,0.79785,0.79771,0.79776,80,1,0,1066754784,2025-11-06 15:57:10,1,0.79829,NZDCAD,[sl 0.79829]
2025-11-06 16:07:00,0.79777,0.79782,0.79774,0.7978,63,1,0,1066754784,2025-11-06 15:57:10,1,0.79829,NZDCAD,[sl 0.79829]
2025-11-06 15:58:00,1.15388,1.15392,1.15375,1.15377,68,0,0,1066755269,2025-11-06 15:57:26,1,1.154,EURUSD,[sl 1.15400]
2025-11-06 15:59:00,1.15378,1.15378,1.15348,1.15357,88,0,0,1066755269,2025-11-06 15:57:26,1,1.154,EURUSD,[sl 1.15400]
2025-11-06 16:00:00,1.15357,1.15362,1.15346,1.15353,74,0,0,1066755269,2025-11-06 15:57:26,1,1.154,EURUSD,[sl 1.15400]
2025-11-06 16:01:00,1.15353,1.15359,1.1534,1.15348,58,0,0,1066755269,2025-11-06 15:57:26,1,1.154,EURUSD,[sl 1.15400]
2025-11-06 16:02:00,1.15348,1.15364,1.15348,1.15354,43,0,0,1066755269,2025-11-06 15:57:26,1,1.154,EURUSD,[sl 1.15400]
2025-11-06 16:03:00,1.15355,1.15363,1.15349,1.1535,48,0,0,1066755269,2025-11-06 15:57:26,1,1.154,EURUSD,[sl 1.15400]
2025-11-06 16:04:00,1.1535,1.15356,1.15339,1.15341,42,0,0,1066755269,2025-11-06 15:57:26,1,1.154,EURUSD,[sl 1.15400]
2025-11-06 16:05:00,1.15341,1.15361,1.1533,1.1535,75,0,0,1066755269,2025-11-06 15:57:26,1,1.154,EURUSD,[sl 1.15400]
2025-11-06 16:06:00,1.1535199999999999,1.1536,1.15349,1.15358,40,0,0,1066755269,2025-11-06 15:57:26,1,1.154,EURUSD,[sl 1.15400]
2025-11-06 16:07:00,1.15358,1.15369,1.1535,1.15364,43,0,0,1066755269,2025-11-06 15:57:26,1,1.154,EURUSD,[sl 1.15400]
2025-11-06 15:58:00,1.15388,1.15392,1.15375,1.15377,68,0,0,1066755414,2025-11-06 15:57:31,1,1.15406,EURUSD,[sl 1.15406]
2025-11-06 15:59:00,1.15378,1.15378,1.15348,1.15357,88,0,0,1066755414,2025-11-06 15:57:31,1,1.15406,EURUSD,[sl 1.15406]
2025-11-06 16:00:00,1.15357,1.15362,1.15346,1.15353,74,0,0,1066755414,2025-11-06 15:57:31,1,1.15406,EURUSD,[sl 1.15406]
2025-11-06 16:01:00,1.15353,1.15359,1.1534,1.15348,58,0,0,1066755414,2025-11-06 15:57:31,1,1.15406,EURUSD,[sl 1.15406]
2025-11-06 16:02:00,1.15348,1.15364,1.15348,1.15354,43,0,0,1066755414,2025-11-06 15:57:31,1,1.15406,EURUSD,[sl 1.15406]
2025-11-06 16:03:00,1.15355,1.15363,1.15349,1.1535,48,0,0,1066755414,2025-11-06 15:57:31,1,1.15406,EURUSD,[sl 1.15406]
2025-11-06 16:04:00,1.1535,1.15356,1.15339,1.15341,42,0,0,1066755414,2025-11-06 15:57:31,1,1.15406,EURUSD,[sl 1.15406]
2025-11-06 16:05:00,1.15341,1.15361,1.1533,1.1535,75,0,0,1066755414,2025-11-06 15:57:31,1,1.15406,EURUSD,[sl 1.15406]
2025-11-06 16:06:00,1.1535199999999999,1.1536,1.15349,1.15358,40,0,0,1066755414,2025-11-06 15:57:31,1,1.15406,EURUSD,[sl 1.15406]
2025-11-06 16:07:00,1.15358,1.15369,1.1535,1.15364,43,0,0,1066755414,2025-11-06 15:57:31,1,1.15406,EURUSD,[sl 1.15406]
2025-11-06 15:59:00,0.65108,0.65109,0.65087,0.65089,54,0,0,1066756087,2025-11-06 15:58:07,1,0.65106,AUDUSD,[sl 0.65106]
2025-11-06 16:00:00,0.65089,0.6509,0.6507,0.65074,76,0,0,1066756087,2025-11-06 15:58:07,1,0.65106,AUDUSD,[sl 0.65106]
2025-11-06 16:01:00,0.65074,0.65081,0.65073,0.65081,54,0,0,1066756087,2025-11-06 15:58:07,1,0.65106,AUDUSD,[sl 0.65106]
2025-11-06 16:02:00,0.6508,0.65096,0.6508,0.65094,41,0,0,1066756087,2025-11-06 15:58:07,1,0.65106,AUDUSD,[sl 0.65106]
2025-11-06 16:03:00,0.65094,0.65095,0.65076,0.6508,70,0,0,1066756087,2025-11-06 15:58:07,1,0.65106,AUDUSD,[sl 0.65106]
2025-11-06 16:04:00,0.6508,0.6508,0.65068,0.65069,54,0,0,1066756087,2025-11-06 15:58:07,1,0.65106,AUDUSD,[sl 0.65106]
2025-11-06 16:05:00,0.65069,0.6507,0.65054,0.65055,95,0,0,1066756087,2025-11-06 15:58:07,1,0.65106,AUDUSD,[sl 0.65106]
2025-11-06 16:06:00,0.65056,0.65069,0.65054,0.65057,53,0,0,1066756087,2025-11-06 15:58:07,1,0.65106,AUDUSD,[sl 0.65106]
2025-11-06 16:07:00,0.65059,0.65066,0.65054,0.65061,54,0,0,1066756087,2025-11-06 15:58:07,1,0.65106,AUDUSD,[sl 0.65106]
2025-11-06 16:08:00,0.65061,0.65062,0.65028,0.65029,59,0,0,1066756087,2025-11-06 15:58:07,1,0.65106,AUDUSD,[sl 0.65106]
2025-11-06 16:01:00,0.80762,0.80771,0.80758,0.80764,60,2,0,1066759422,2025-11-06 16:00:02,1,0.80764,USDCHF,[sl 0.80764]
2025-11-06 16:02:00,0.80764,0.80767,0.80757,0.80762,38,2,0,1066759422,2025-11-06 16:00:02,1,0.80764,USDCHF,[sl 0.80764]
2025-11-06 16:03:00,0.80762,0.80772,0.80759,0.80767,54,2,0,1066759422,2025-11-06 16:00:02,1,0.80764,USDCHF,[sl 0.80764]
2025-11-06 16:04:00,0.80769,0.80785,0.80766,0.8078,32,2,0,1066759422,2025-11-06 16:00:02,1,0.80764,USDCHF,[sl 0.80764]
2025-11-06 16:05:00,0.8078,0.8078,0.80753,0.80761,65,2,0,1066759422,2025-11-06 16:00:02,1,0.80764,USDCHF,[sl 0.80764]
2025-11-06 16:06:00,0.80761,0.80765,0.80759,0.80762,43,2,0,1066759422,2025-11-06 16:00:02,1,0.80764,USDCHF,[sl 0.80764]
2025-11-06 16:07:00,0.80761,0.80763,0.80744,0.80754,61,2,0,1066759422,2025-11-06 16:00:02,1,0.80764,USDCHF,[sl 0.80764]
2025-11-06 16:08:00,0.80754,0.8076,0.80751,0.80759,55,5,0,1066759422,2025-11-06 16:00:02,1,0.80764,USDCHF,[sl 0.80764]
2025-11-06 16:09:00,0.80758,0.80759,0.80749,0.80753,53,3,0,1066759422,2025-11-06 16:00:02,1,0.80764,USDCHF,[sl 0.80764]
2025-11-06 16:10:00,0.80753,0.80753,0.80739,0.80751,51,2,0,1066759422,2025-11-06 16:00:02,1,0.80764,USDCHF,[sl 0.80764]
2025-11-06 16:10:00,1.05791,1.05799,1.05781,1.05787,112,1,0,1066778793,2025-11-06 16:09:24,1,1.05791,GBPCHF,[sl 1.05791]
2025-11-06 16:11:00,1.05787,1.05803,1.05782,1.05802,113,1,0,1066778793,2025-11-06 16:09:24,1,1.05791,GBPCHF,[sl 1.05791]
2025-11-06 16:12:00,1.05802,1.05821,1.05799,1.05819,89,1,0,1066778793,2025-11-06 16:09:24,1,1.05791,GBPCHF,[sl 1.05791]
2025-11-06 16:13:00,1.05819,1.05825,1.05803,1.05815,114,1,0,1066778793,2025-11-06 16:09:24,1,1.05791,GBPCHF,[sl 1.05791]
2025-11-06 16:14:00,1.05816,1.05843,1.05816,1.05827,113,1,0,1066778793,2025-11-06 16:09:24,1,1.05791,GBPCHF,[sl 1.05791]
2025-11-06 16:15:00,1.05827,1.05833,1.05819,1.05822,76,1,0,1066778793,2025-11-06 16:09:24,1,1.05791,GBPCHF,[sl 1.05791]
2025-11-06 16:16:00,1.05822,1.05822,1.05807,1.0581,90,1,0,1066778793,2025-11-06 16:09:24,1,1.05791,GBPCHF,[sl 1.05791]
2025-11-06 16:17:00,1.0581,1.05813,1.05795,1.05797,87,1,0,1066778793,2025-11-06 16:09:24,1,1.05791,GBPCHF,[sl 1.05791]
2025-11-06 16:18:00,1.05797,1.05799,1.05787,1.05787,107,1,0,1066778793,2025-11-06 16:09:24,1,1.05791,GBPCHF,[sl 1.05791]
2025-11-06 16:19:00,1.05787,1.05788,1.05774,1.05786,70,1,0,1066778793,2025-11-06 16:09:24,1,1.05791,GBPCHF,[sl 1.05791]
2025-11-06 16:24:00,1.15283,1.15292,1.15277,1.1529,64,0,0,1066811307,2025-11-06 16:23:17,1,1.1527,EURUSD,[sl 1.15270]
2025-11-06 16:25:00,1.1529,1.15305,1.15289,1.15305,50,0,0,1066811307,2025-11-06 16:23:17,1,1.1527,EURUSD,[sl 1.15270]
2025-11-06 16:26:00,1.15305,1.15305,1.15295,1.15304,48,0,0,1066811307,2025-11-06 16:23:17,1,1.1527,EURUSD,[sl 1.15270]
2025-11-06 16:27:00,1.15304,1.15305,1.15299,1.153,30,0,0,1066811307,2025-11-06 16:23:17,1,1.1527,EURUSD,[sl 1.15270]
2025-11-06 16:28:00,1.153,1.15305,1.15289,1.1529099999999999,38,0,0,1066811307,2025-11-06 16:23:17,1,1.1527,EURUSD,[sl 1.15270]
2025-11-06 16:29:00,1.1529099999999999,1.15295,1.1528100000000001,1.15294,56,0,0,1066811307,2025-11-06 16:23:17,1,1.1527,EURUSD,[sl 1.15270]
2025-11-06 16:30:00,1.15294,1.15305,1.15289,1.15304,78,0,0,1066811307,2025-11-06 16:23:17,1,1.1527,EURUSD,[sl 1.15270]
2025-11-06 16:31:00,1.15304,1.15309,1.153,1.153,53,0,0,1066811307,2025-11-06 16:23:17,1,1.1527,EURUSD,[sl 1.15270]
2025-11-06 16:32:00,1.153,1.15302,1.1529099999999999,1.15294,34,0,0,1066811307,2025-11-06 16:23:17,1,1.1527,EURUSD,[sl 1.15270]
2025-11-06 16:33:00,1.15294,1.15297,1.15293,1.15293,30,0,0,1066811307,2025-11-06 16:23:17,1,1.1527,EURUSD,[sl 1.15270]
2025-11-06 16:33:00,153.561,153.561,153.543,153.545,92,0,0,1066838067,2025-11-06 16:32:44,1,153.571,USDJPY,[sl 153.571]
2025-11-06 16:34:00,153.545,153.545,153.517,153.519,74,0,0,1066838067,2025-11-06 16:32:44,1,153.571,USDJPY,[sl 153.571]
2025-11-06 16:35:00,153.519,153.522,153.505,153.515,70,0,0,1066838067,2025-11-06 16:32:44,1,153.571,USDJPY,[sl 153.571]
2025-11-06 16:36:00,153.516,153.524,153.516,153.522,71,0,0,1066838067,2025-11-06 16:32:44,1,153.571,USDJPY,[sl 153.571]
2025-11-06 16:37:00,153.522,153.565,153.522,153.555,77,0,0,1066838067,2025-11-06 16:32:44,1,153.571,USDJPY,[sl 153.571]
2025-11-06 16:38:00,153.555,153.562,153.539,153.545,71,0,0,1066838067,2025-11-06 16:32:44,1,153.571,USDJPY,[sl 153.571]
2025-11-06 16:39:00,153.545,153.569,153.544,153.567,78,0,0,1066838067,2025-11-06 16:32:44,1,153.571,USDJPY,[sl 153.571]
2025-11-06 16:40:00,153.567,153.588,153.565,153.571,110,0,0,1066838067,2025-11-06 16:32:44,1,153.571,USDJPY,[sl 153.571]
2025-11-06 16:41:00,153.572,153.572,153.53,153.542,121,0,0,1066838067,2025-11-06 16:32:44,1,153.571,USDJPY,[sl 153.571]
2025-11-06 16:42:00,153.542,153.551,153.53,153.546,124,0,0,1066838067,2025-11-06 16:32:44,1,153.571,USDJPY,[sl 153.571]
2025-11-06 16:36:00,1.15009,1.15035,1.15009,1.15031,95,1,0,1066848097,2025-11-06 16:35:44,1,1.15028,AUDNZD,[sl 1.15028]
2025-11-06 16:37:00,1.15031,1.15032,1.15015,1.15032,86,1,0,1066848097,2025-11-06 16:35:44,1,1.15028,AUDNZD,[sl 1.15028]
2025-11-06 16:38:00,1.15032,1.15035,1.15018,1.15022,99,1,0,1066848097,2025-11-06 16:35:44,1,1.15028,AUDNZD,[sl 1.15028]
2025-11-06 16:39:00,1.15024,1.1504,1.15023,1.1503700000000001,112,1,0,1066848097,2025-11-06 16:35:44,1,1.15028,AUDNZD,[sl 1.15028]
2025-11-06 16:40:00,1.15039,1.15043,1.15023,1.15029,127,1,0,1066848097,2025-11-06 16:35:44,1,1.15028,AUDNZD,[sl 1.15028]
2025-11-06 16:41:00,1.15029,1.1503,1.14992,1.1501000000000001,189,1,0,1066848097,2025-11-06 16:35:44,1,1.15028,AUDNZD,[sl 1.15028]
2025-11-06 16:42:00,1.1501000000000001,1.1502,1.14994,1.1502,104,1,0,1066848097,2025-11-06 16:35:44,1,1.15028,AUDNZD,[sl 1.15028]
2025-11-06 16:43:00,1.1502,1.1503,1.15005,1.15016,87,1,0,1066848097,2025-11-06 16:35:44,1,1.15028,AUDNZD,[sl 1.15028]
2025-11-06 16:44:00,1.15016,1.15029,1.14999,1.15027,115,1,0,1066848097,2025-11-06 16:35:44,1,1.15028,AUDNZD,[sl 1.15028]
2025-11-06 16:45:00,1.15027,1.1504,1.15024,1.15027,96,1,0,1066848097,2025-11-06 16:35:44,1,1.15028,AUDNZD,[sl 1.15028]
